NumeroForo,AreaDelaminata_mm2,Dmax_mm,DF_diametro,DHAR_Area_Ratio,ShapeFactor,ScalaCalcolata_px_per_mm,Hu_1,Hu_2,Hu_3,Hu_4,Hu_5,Hu_6,Hu_7,Forza_N
1,4.549221,14.206101,2.367683,0.160896,0.034932,46.44666,0.341395,-1.791659,-1.322259,0.356982,0.297033,-0.538885,-0.257142,89.5
2,3.203757,14.101144,2.350191,0.11331,0.02505,47.812825,0.620941,-0.389947,0.390386,-0.223858,0.550068,0.42342,0.176325,100.25
3,2.909547,13.579506,2.263251,0.102904,0.024963,48.304792,0.659556,0.344736,0.231963,0.461083,0.040654,0.625901,0.80116,103.36
4,3.418893,12.409875,2.068312,0.120919,0.036889,47.693953,0.515496,-0.653302,-0.721846,-0.058117,-0.902232,0.555203,-0.476728,101.57
5,3.028368,11.165285,1.860881,0.107107,0.043488,46.853408,0.599628,-0.213767,0.722542,-0.119199,-0.758416,1.245249,0.179603,99.2
6,3.177389,10.653082,1.775514,0.112377,0.052209,48.216851,0.54878,-0.437705,0.391059,-0.184649,-0.382937,1.05481,0.14376,104.17
7,2.824939,12.319386,2.053231,0.099912,0.031069,47.377744,0.633982,-0.377009,-0.070503,-0.808273,-2.46605,-1.451232,-1.248456,107.5
8,4.336961,12.449737,2.074956,0.153389,0.046405,46.905841,0.435659,-0.850592,0.286838,-0.711356,-1.759681,1.473036,0.928284,107.8
9,2.537691,10.000888,1.666815,0.089752,0.050472,47.918487,0.610235,-1.230557,0.136684,-0.290952,0.412454,0.972193,0.734734,101.62
10,2.284361,8.543653,1.423942,0.080793,0.078622,47.550246,0.669362,-1.132935,0.678599,-1.032619,-1.285172,-2.004671,-1.475586,105.7
11,3.807414,12.692571,2.115429,0.13466,0.038751,48.440421,0.509998,-0.434678,0.113898,-0.568251,1.105311,0.836576,-0.855024,112.5
12,2.668649,11.39712,1.89952,0.094384,0.036188,47.416546,0.615823,0.001353,0.639598,-1.180057,-1.515839,-1.187699,-1.742322,107.1
13,2.819016,11.324198,1.887366,0.099702,0.038914,47.006771,0.60309,-1.258549,0.507834,-0.353598,-0.30348,0.989369,0.742538,104.3
14,4.765671,13.491174,2.248529,0.168551,0.041557,48.88558,0.357278,-0.925518,-1.498203,0.203756,0.44819,-0.541941,1.277126,113.0
15,2.973123,12.621055,2.103509,0.105153,0.030704,48.400978,0.552864,-0.390424,0.726916,0.569322,1.194702,0.355582,-0.71618,110.7
16,4.992166,13.228014,2.204669,0.176562,0.045735,47.528299,0.327031,-0.689842,-0.349586,-0.688516,2.254151,1.155829,1.209326,114.1
17,3.98887,13.56415,2.260692,0.141077,0.034319,46.6025,0.403195,-0.644818,-0.362692,0.146636,0.215855,-0.184061,-0.041904,105.8
18,3.209196,13.891523,2.315254,0.113502,0.02603,48.259009,0.682876,0.816473,0.647165,-0.085747,-0.01684,-0.228692,0.068937,111.1
19,4.406367,11.667279,1.944547,0.155843,0.056033,48.09383,0.505584,-0.637068,0.451388,-0.326554,-0.287662,-1.033257,-0.758404,111.0
20,3.932079,10.639201,1.7732,0.139069,0.064857,48.28392,0.361747,-0.562014,-0.331185,0.462775,-0.516196,0.173433,0.0997,111.6
21,2.496967,10.348362,1.724727,0.088312,0.044722,48.386361,0.661739,-1.339659,0.743061,-0.209211,-0.701901,-0.87992,0.051043,109.4
22,3.051971,11.428472,1.904745,0.107941,0.041073,48.188235,0.535256,-1.050216,-0.47026,0.536531,-0.969406,-0.676875,0.569485,112.3
23,5.758648,13.918797,2.3198,0.203671,0.046485,48.468158,0.405778,-0.116099,0.556802,0.142464,0.413781,0.072488,0.232666,109.6
24,6.158774,13.975962,2.329327,0.217822,0.049217,48.978098,0.336973,-2.543164,-0.47682,-0.895054,-1.58104,2.274416,-3.397175,113.6
25,6.797878,12.985682,2.16428,0.240426,0.06526,47.323591,0.265874,-1.194443,-0.81348,-1.181781,2.189293,-2.734301,2.855161,114.7
26,5.604394,14.202461,2.367077,0.198215,0.043062,48.064037,0.410347,-1.065743,0.290188,0.611149,-1.061106,-0.098957,0.180938,115.7
27,4.142045,13.36185,2.226975,0.146495,0.036999,48.074706,0.477822,-0.23702,-0.091027,0.507795,-0.28317,-1.167546,-0.684402,113.3
28,2.492267,10.660889,1.776815,0.088146,0.040864,48.361503,0.668051,0.211897,0.718279,0.138663,0.983543,0.23456,-0.566962,110.7
29,3.466268,14.092706,2.348784,0.122594,0.027142,47.926974,0.586422,0.195462,0.568433,-0.776345,-0.887931,1.085792,-1.611236,118.1
30,4.394807,14.499673,2.416612,0.155435,0.032114,47.603397,0.583655,0.363918,0.781659,0.628554,1.020221,0.80942,-1.275175,110.2
31,8.918701,14.262388,2.377065,0.315435,0.067829,48.198509,0.395438,0.069203,0.114322,-0.489136,0.711957,0.651758,1.087802,114.0
32,4.909489,14.407271,2.401212,0.173638,0.036434,47.905569,0.508608,0.274767,0.902352,0.655109,1.335889,0.783572,-1.213827,116.5
33,7.203998,12.743591,2.123932,0.254789,0.072567,47.981183,0.263125,-0.896193,0.138342,-0.314399,-0.436007,0.848936,-0.824339,115.7
34,7.506449,13.799603,2.299934,0.265486,0.061889,48.075074,0.388782,-0.207519,-1.532661,-0.284713,-1.196081,-0.441255,2.149036,122.4
35,9.88192,13.66405,2.277342,0.349501,0.083487,48.492962,0.214547,-0.385285,-0.850597,-0.454899,-1.431443,-0.778773,-1.163029,117.2
36,5.033132,14.345191,2.390865,0.178011,0.037744,47.483257,0.555405,0.342237,0.395374,0.449657,0.860544,0.349055,0.23076,120.3
37,5.044616,14.199481,2.36658,0.178417,0.03878,47.907415,0.54815,-0.56868,1.127645,-0.5303,-0.240467,-0.847319,-0.931208,120.1
38,6.419957,14.22375,2.370625,0.22706,0.049149,47.956852,0.351181,0.153754,-0.535316,-0.947356,1.817295,1.085759,-1.863576,120.0
39,8.638807,14.327943,2.38799,0.305535,0.064973,48.265971,0.285249,-0.105527,-0.147108,-0.918779,1.858396,1.36775,1.487958,125.1
40,7.770124,14.186949,2.364492,0.274812,0.059861,47.453453,0.195318,-0.753775,-0.849512,-0.398034,1.34531,-0.775497,1.077274,121.7
41,7.838231,13.32341,2.220568,0.277221,0.070523,47.438172,0.181003,-0.691575,-0.681539,-0.302805,-0.991258,-0.929568,0.907711,122.4
42,11.654473,13.520703,2.253451,0.412193,0.101076,47.90077,0.172473,-0.627663,-1.687688,-2.142293,4.146291,2.784199,-4.291915,122.8
43,8.890422,14.486151,2.414358,0.314434,0.065112,47.795069,0.262383,-1.759492,0.376402,-0.217581,-3.701721,-2.489926,-0.138171,119.4
44,6.137876,14.656421,2.442737,0.217083,0.043705,47.478415,0.476007,-0.164282,0.098247,-0.249737,0.404324,-0.475896,0.58371,124.3
45,8.869895,13.075785,2.179297,0.313708,0.08367,47.627166,0.237206,-0.505381,-0.915812,-0.35297,-0.987874,-1.185756,-2.300449,125.8
46,13.0767,13.28838,2.21473,0.462494,0.118435,47.942838,0.026909,-1.812377,-1.107507,-0.969099,2.894568,-1.890272,-2.01108,126.3
47,7.812231,14.792074,2.465346,0.276301,0.054412,47.51974,0.260948,-1.055608,-1.334621,-0.736037,2.180165,-1.522832,-1.807216,126.0
48,5.786124,14.003611,2.333935,0.204642,0.046015,46.906972,0.274696,-1.011474,-0.923523,-0.287044,-0.994725,-1.090352,-1.10475,125.6
49,7.558689,10.179448,1.696575,0.267334,0.142323,47.332185,0.191728,-1.669304,-0.493806,-0.37272,1.12635,-1.276364,-0.862371,121.2
50,9.804959,14.708919,2.451486,0.346779,0.06922,47.023697,0.156297,-1.027828,-1.442747,-0.747718,-2.190144,1.276335,1.891979,126.8
51,13.273817,13.986927,2.331155,0.469465,0.105872,48.639338,-0.009666,-1.728482,-1.241806,-1.261057,3.166569,2.215779,-2.523424,124.5
52,7.98483,13.872153,2.312025,0.282406,0.064989,47.378863,0.253878,-0.053355,-0.661906,-1.202162,2.148321,-1.275485,-2.734502,122.2
53,6.911889,13.405335,2.234222,0.244458,0.061241,47.42997,0.236456,-0.261287,-0.396255,-1.837702,-3.558244,2.136093,-2.968548,126.4
54,9.925338,13.856985,2.309498,0.351037,0.081,47.820222,0.140718,-0.935359,-0.257342,-1.041593,-2.241953,-2.252535,1.708954,128.1
55,8.839459,12.525623,2.087604,0.312632,0.093098,47.560658,0.126075,-1.003753,-0.522709,-1.009558,-2.50685,-1.54029,1.78331,125.2
56,17.020811,10.34202,1.72367,0.601988,0.305417,48.64261,-0.113218,-2.21767,-2.07286,-3.041609,5.75566,-4.151823,-5.699473,127.9
57,16.420248,14.855982,2.475997,0.580747,0.113194,47.457552,-0.105172,-2.025445,-1.820423,-1.423648,-3.066754,-2.674895,-3.562053,128.9
58,11.289545,9.730537,1.621756,0.399286,0.244947,47.526066,0.032374,-2.144508,-0.808517,-1.801808,3.181955,-2.963034,-3.374027,128.1
59,5.545987,12.365941,2.06099,0.196149,0.060397,46.02095,0.356024,-0.792625,0.130553,-0.247255,0.438705,-0.827245,0.475058,129.2
60,6.608005,11.735897,1.955983,0.23371,0.082704,47.117243,0.197632,-1.76881,-0.909632,-0.687108,1.643069,1.575909,-1.629137,127.8
61,15.701164,11.646379,1.941063,0.555315,0.200639,48.173187,-0.101645,-3.140255,-1.291499,-2.024115,-5.13202,-3.923556,3.681986,128.7
62,23.515481,13.354786,2.225798,0.83169,0.210332,46.968006,-0.183717,-2.316073,-1.406779,-2.49911,-5.33765,3.666356,4.454385,126.5
63,23.855793,14.053796,2.342299,0.843726,0.188064,46.118832,-0.205073,-2.366295,-2.006647,-2.416879,4.808984,3.801359,-4.748388,126.5
64,29.836532,15.297692,2.549615,1.055251,0.191845,46.871144,-0.273382,-2.427109,-2.127716,-3.543475,6.29546,-4.766688,-6.708673,127.7
65,11.282664,11.848381,1.97473,0.399043,0.137622,49.675746,-0.010592,-0.999519,-0.901986,-1.21238,2.763992,2.037681,-2.293061,136.3
66,12.636041,13.490489,2.248415,0.446909,0.110202,48.910172,-0.003551,-0.79296,-1.052147,-1.195858,-2.320521,-2.421815,-3.576202,132.2
67,9.466595,12.263767,2.043961,0.334812,0.105361,48.738129,0.131757,-1.268908,-0.516398,-1.104922,-2.041841,1.883763,-2.093399,130.6
68,9.253875,12.443464,2.073911,0.327289,0.099145,47.236443,0.117314,-0.426044,-1.198461,-1.980491,3.573808,2.387593,-4.438271,137.7
69,3.600954,8.225294,1.370882,0.127358,0.144837,45.78634,0.467627,-1.8308,-0.54569,-0.008581,0.331667,0.927826,0.645517,133.8
70,8.64015,9.82019,1.636698,0.305583,0.182027,48.04711,0.132172,-1.272315,-0.402518,-0.966479,1.799173,-2.439687,1.803832,134.3
71,6.398737,10.509224,1.751537,0.226309,0.10944,47.455317,0.229034,-0.137789,-1.660146,-1.032746,3.041778,1.59937,2.389702,135.4
72,4.16141,8.743723,1.457287,0.14718,0.130979,47.200115,0.375726,-0.321707,-1.12056,0.236649,1.28411,-0.075105,-0.206823,136.2
73,2.2193,8.532003,1.422,0.078492,0.076796,47.35609,0.65697,-2.19153,0.227973,0.352725,0.64063,-1.049466,0.332439,133.0
74,4.994394,11.102885,1.850481,0.176641,0.072863,46.547065,0.328727,-0.34022,-0.716475,0.215508,-0.179975,0.036921,0.191149,136.7
75,8.763939,8.784226,1.464038,0.309961,0.271086,47.859404,0.13609,-0.832095,-0.519153,-1.410722,2.381145,-2.768592,3.17676,127.4
76,5.720753,7.7717,1.295283,0.20233,0.298528,47.523089,0.28315,-0.413225,-0.902133,-1.302952,-2.463477,1.554086,2.720515,131.9
77,5.122456,7.918607,1.319768,0.18117,0.244234,47.344512,0.330478,-0.649038,-0.322619,-0.987062,1.822254,-1.312251,1.766187,139.1
78,9.961081,8.311831,1.385305,0.352301,0.383323,47.974549,0.073114,-1.963655,-0.54102,-1.526708,2.642709,2.82636,-2.811391,138.5
79,5.187898,7.523945,1.253991,0.183484,0.320501,47.536111,0.313758,-0.131692,-1.372188,-0.788127,-1.922336,-0.88785,-2.196706,133.1
80,8.895889,10.312336,1.718723,0.314628,0.161017,47.699144,0.133952,-0.462888,-0.855385,-1.077879,-2.275873,-1.347842,-2.136239,131.9
81,10.583905,8.619997,1.436666,0.374329,0.35181,48.432754,0.062346,-1.159931,-1.981643,-2.563253,-5.07852,3.165428,4.915598,136.9
82,6.462488,10.378283,1.729714,0.228564,0.114746,47.343392,0.233009,-0.379964,-0.752215,-1.500059,-3.474801,-2.638896,-2.630583,138.3
83,7.810714,9.917952,1.652992,0.276247,0.159461,48.128013,0.135462,-0.754546,-1.519431,-0.298937,1.687485,-0.680047,-1.233417,143.2
84,4.649951,7.35954,1.22659,0.164458,0.325968,46.785043,0.337509,-0.810845,-0.503102,-0.293212,-0.883908,-1.26896,0.806689,134.2
85,9.787603,10.634652,1.772442,0.346166,0.161643,48.049318,0.09815,-1.17244,-0.364446,-2.964517,-5.085022,-3.555075,4.654734,130.9
86,4.081507,12.617466,2.102911,0.144354,0.042181,48.158501,0.403023,-0.727392,-0.570967,0.009124,0.27958,-0.428041,-0.998483,135.1
87,4.845031,14.205107,2.367518,0.171358,0.03721,48.43458,0.371065,-1.775984,-0.158755,0.082245,-0.238011,0.805761,0.025211,137.7
88,5.774227,10.335055,1.722509,0.204221,0.103822,48.191171,0.288094,-0.312503,-0.229268,-1.789578,-3.451148,2.139507,-2.810023,137.7
89,9.577244,9.522616,1.587103,0.338726,0.223008,48.456846,0.094458,-2.467846,-1.047379,-2.90285,5.51273,4.258512,4.885877,142.8
90,6.99288,11.727023,1.954504,0.247323,0.0877,47.665766,0.220559,-0.406693,-0.460508,-0.647782,1.216852,-1.402257,1.790759,142.3
91,4.765981,11.044989,1.840831,0.168562,0.070568,47.450845,0.381341,-0.757288,0.421758,0.078661,-0.256396,-0.371443,-0.055355,140.4
92,5.357635,12.897076,2.149513,0.189488,0.052339,48.25791,0.268179,-0.16156,-0.403622,0.284982,0.210435,0.203463,0.358972,140.7
93,9.899087,8.736027,1.456004,0.350109,0.312611,47.407594,0.089759,-1.470887,-2.000053,-1.704589,3.737337,2.500565,-3.680757,144.9
94,8.045887,10.142019,1.690336,0.284565,0.15322,47.305277,0.033662,-1.662473,-0.938565,-0.382703,-1.043718,-1.268537,2.421167,143.6
95,5.612727,12.456205,2.076034,0.19851,0.059974,48.224552,0.324359,-0.052139,-0.374674,-0.015845,-0.460849,-0.114315,0.293767,146.1
96,5.960397,13.103743,2.183957,0.210806,0.055922,48.753003,0.291336,-0.271467,-0.360171,-0.667298,-1.476384,-0.921819,-1.245428,140.4
97,3.073763,13.231065,2.205177,0.108712,0.028143,48.314309,0.580326,-0.166668,0.432454,0.293515,0.260229,0.067897,0.653289,141.1
98,7.643707,12.586841,2.097807,0.270341,0.079493,48.264872,0.275611,-0.446344,-0.294398,-0.463884,0.920492,-0.700171,-1.10443,150.8
99,4.160953,13.507094,2.251182,0.147164,0.036177,47.263764,0.537581,0.049072,0.177595,-0.497254,1.147683,-1.163813,0.681031,150.1
100,12.053135,10.605341,1.767557,0.426292,0.200678,48.086843,-0.010025,-1.898888,-1.92778,-1.808378,4.239475,2.773324,3.693073,148.8
101,9.076144,9.149271,1.524879,0.321003,0.24222,48.418877,0.081332,-1.103941,-1.1326,-1.103104,2.233227,2.796265,2.850848,150.9
102,9.829447,12.421078,2.07018,0.347646,0.105807,47.956483,0.079455,-0.503255,-1.941279,-1.64434,-3.655428,-1.949311,3.53584,147.7
103,13.80718,12.087819,2.014637,0.488329,0.159649,48.711635,-0.04458,-2.268541,-1.926519,-1.886696,4.292031,-3.027788,3.815953,155.1
104,8.932098,11.785478,1.964246,0.315908,0.110525,48.627338,0.163156,-0.344643,-0.306405,-1.186757,-1.979929,-1.39944,-2.290418,145.8
105,4.184628,13.258071,2.209679,0.148001,0.038118,48.654242,0.457031,-0.868954,-0.309311,0.23225,0.117104,-0.435619,0.134418,148.1
106,14.234568,13.608414,2.268069,0.503445,0.121484,48.646609,-0.035651,-1.440554,-1.016409,-2.840685,-5.552388,-4.8276,4.772252,152.3
107,7.768403,13.642477,2.273746,0.274751,0.065889,47.714342,0.195102,-0.483792,-0.909905,-0.789526,2.013702,1.087776,-1.681875,153.0
108,14.987755,10.503353,1.750559,0.530083,0.256767,47.58482,-0.077902,-1.418374,-3.156777,-2.079239,-4.721461,-2.838608,5.161061,150.1
109,8.333149,12.530339,2.08839,0.294725,0.08768,48.621519,0.176631,-0.614112,-0.718607,-0.957644,1.916596,-1.753895,1.980678,145.9
110,7.149461,11.829772,1.971629,0.25286,0.087576,48.213183,0.236604,-1.324652,-0.221561,-0.913957,1.858763,-2.111796,-1.523793,145.1
111,14.953645,11.909977,1.984996,0.528877,0.179877,48.675681,-0.081914,-3.615615,-3.886434,-2.876222,6.777563,5.185806,-6.188217,157.1
112,7.349165,11.490907,1.915151,0.259924,0.09743,47.806167,0.217818,0.005487,-1.28696,-2.235086,-4.100146,-2.235734,-4.204284,150.3
113,15.347103,10.168097,1.694683,0.542793,0.289961,49.151099,-0.096715,-1.805411,-1.915309,-1.806905,-3.668026,-2.923585,-5.169256,148.9
114,10.443194,13.528511,2.254752,0.369352,0.090441,48.087579,0.077172,-0.517234,-1.236437,-1.049638,-2.272375,-1.347101,2.448934,144.5
115,15.945829,10.134674,1.689112,0.563968,0.304338,47.64647,-0.081248,-1.267984,-0.976511,-2.051764,-3.997663,2.935283,3.597646,148.4
116,8.871098,11.370489,1.895081,0.313751,0.121077,47.85534,0.162648,-0.948063,-0.218731,-3.190632,5.032384,3.900197,5.050243,149.5
117,12.028529,11.791243,1.965207,0.425422,0.148643,48.148953,0.012253,-0.823838,-2.170979,-2.065704,-4.49199,-2.481561,4.243081,159.6
118,6.260358,14.268476,2.378079,0.221415,0.047562,47.830205,0.264029,-1.621318,-0.46342,-0.074373,-0.428622,-0.919521,-0.587318,153.5
119,11.007409,13.079938,2.17999,0.389307,0.10375,48.447357,0.07727,-1.304226,-1.06834,-3.181041,5.493179,4.00092,-5.404199,156.5
120,10.651626,11.686144,1.947691,0.376724,0.134857,48.43677,0.046218,-1.561194,-1.116631,-1.284988,2.52296,-2.204037,-2.887336,146.4
121,13.756907,11.062274,1.843712,0.486551,0.202791,48.215383,-0.053137,-3.180359,-2.064929,-1.63744,3.488716,-3.923611,4.981181,159.1
122,11.151192,14.465272,2.410879,0.394393,0.081955,48.25681,0.130313,-1.712133,-0.370935,-1.024057,2.559088,-3.299897,-1.72619,151.7
123,7.623053,11.156045,1.859341,0.26961,0.109725,48.411572,0.141154,-1.786048,-0.758706,-0.337578,0.976272,1.304796,1.119353,150.5
124,12.617247,14.305336,2.384223,0.446244,0.095259,47.749908,0.014127,-1.934263,-1.169757,-1.300221,3.14147,-2.26792,-2.54893,158.1
125,17.219542,13.279558,2.21326,0.609017,0.156217,47.69729,-0.107711,-1.521864,-2.269425,-2.265626,-4.609066,-3.441008,4.791409,150.0
126,11.479646,14.471156,2.411859,0.406009,0.084286,46.66469,0.108303,-0.464162,-0.806918,-1.396238,-2.507213,-2.044988,3.184043,155.9
127,13.684207,13.872659,2.31211,0.48398,0.111366,48.020234,-0.041629,-1.098487,-1.628453,-2.239184,4.280254,3.0076,-4.375309,167.0
128,10.933112,13.911334,2.318556,0.38668,0.08837,47.679862,0.088322,-0.505991,-1.599349,-1.50196,-3.379738,-1.996,-3.106957,151.0
129,11.013916,8.712204,1.452034,0.389538,0.351441,47.662056,0.050154,-1.374387,-2.214009,-2.743676,5.221562,3.593307,-5.953589,162.6
130,7.887448,9.162341,1.527057,0.278961,0.209446,47.880092,0.121012,-1.752958,-0.815916,-0.627896,-1.409906,1.506005,1.658083,158.0
131,8.535983,9.324955,1.554159,0.301899,0.213294,47.495917,0.176599,-0.136292,-0.903299,-1.411511,-2.624265,1.497794,-2.892739,155.9
132,7.426049,8.532686,1.422114,0.262643,0.256886,47.025577,0.186949,-0.185874,-0.673956,-0.551723,-1.17369,-0.652218,-1.85728,156.3
133,13.045496,8.677846,1.446308,0.46139,0.422593,47.291443,-0.020513,-1.540647,-1.686853,-2.259486,-4.260623,-3.44945,4.683864,157.0
134,8.002089,8.184761,1.364127,0.283016,0.328767,48.263773,0.152509,-1.517742,-0.201917,-1.560004,-2.998533,-2.43854,2.458282,154.1
135,5.337356,8.251865,1.375311,0.18877,0.211749,48.106697,0.312795,-0.439663,-0.424246,-0.535181,1.305199,-0.822223,-1.081061,164.9
136,10.591588,9.117501,1.519584,0.374601,0.286144,48.225652,0.01779,-0.543876,-1.782484,-0.716227,-1.98969,-1.073801,-2.454798,154.7
137,7.407809,8.263631,1.377272,0.261998,0.292122,48.082062,0.115758,-0.542126,-0.857139,-0.175108,-0.717811,-0.447095,1.16049,158.1
138,4.857648,7.934627,1.322438,0.171804,0.229427,47.397895,0.319223,-0.828914,-0.454094,-0.391852,-0.8346,0.899042,1.344955,161.8
139,10.724074,8.534801,1.422467,0.379287,0.37061,46.914135,0.047265,-1.171935,-0.560242,-1.837656,-3.248216,-3.435116,-3.139394,161.5
140,7.814786,7.774052,1.295675,0.276392,0.407192,48.448087,0.102806,-1.331456,-0.922374,-0.506771,-1.963345,-1.299047,1.228588,154.4
141,2.926908,7.776965,1.296161,0.103518,0.152225,47.980077,0.546644,-0.509931,0.6936,-0.035682,-0.108452,-0.294227,-0.172384,167.3
142,4.711387,7.655841,1.275974,0.166631,0.265291,48.264505,0.346125,-1.275124,0.264341,-0.728821,1.013726,1.386971,-1.294475,160.1
143,9.049337,8.075949,1.345992,0.320055,0.394305,48.184198,0.098193,-1.170743,-1.031107,-1.313071,2.649407,-1.975097,-2.622727,158.2
144,8.59688,8.404407,1.400734,0.304052,0.316044,47.147634,0.126454,-1.80749,-0.817382,-1.949585,-3.443397,-3.054222,-3.53262,161.8
145,12.467235,8.999677,1.499946,0.440938,0.352796,48.87147,-0.00999,-2.070257,-1.62965,-2.283038,-4.240055,-3.337433,5.323746,161.3
146,7.662334,7.659168,1.276528,0.271,0.430484,47.863838,0.099198,-0.815285,-2.188725,-0.631578,3.365401,-1.829894,2.042217,168.6
147,5.165638,9.065316,1.510886,0.182697,0.142423,48.46232,0.291826,-0.275814,-0.505864,0.225819,-0.05766,0.084702,-0.072015,162.6
148,8.422204,8.586151,1.431025,0.297875,0.284277,48.916679,0.146977,-0.447585,-1.041944,-3.005704,-5.05,-3.245346,5.495097,163.2
149,14.221051,8.682267,1.447045,0.502967,0.459776,49.495646,-0.05102,-2.221341,-1.563365,-2.897079,5.138871,4.088308,5.662022,164.4
150,6.314924,8.005733,1.334289,0.223345,0.28622,48.502807,0.243264,-1.157551,0.128622,-0.750927,-1.866236,-1.368197,1.067498,151.5
151,3.762933,10.73209,1.788682,0.133087,0.060511,48.37832,0.461918,0.163358,-0.487161,0.158315,-0.463554,0.230393,-0.034274,163.5
152,8.879974,9.018015,1.503002,0.314065,0.249453,48.54071,0.131948,-0.190331,-3.032293,-1.624748,4.544189,-1.977869,3.967564,163.5
153,12.233694,9.902759,1.65046,0.432678,0.250971,49.004087,-0.008487,-1.55707,-1.333428,-1.710169,-3.278405,-2.489232,-3.589218,162.6
154,11.844429,10.064556,1.677426,0.418911,0.230963,48.443341,-0.013189,-2.223414,-1.112843,-1.492876,2.93964,2.612822,-2.952994,170.3
155,8.438721,8.915178,1.485863,0.298459,0.247112,48.47436,0.02288,-1.137073,-1.108126,-0.648282,1.897661,1.476746,-1.569839,163.5
156,5.155176,10.435329,1.739221,0.182327,0.090043,47.956483,0.274989,-0.268487,-0.225959,0.225214,0.220649,0.073579,-0.634396,162.8
157,13.211303,9.188416,1.531403,0.467254,0.347351,49.230907,-0.01387,-2.42481,-1.615808,-1.889697,-3.777087,-3.737533,3.809525,168.2
158,10.503162,8.608007,1.434668,0.371473,0.351019,47.7262,0.054077,-1.113267,-1.194058,-1.919614,-3.806957,2.641179,-3.529703,164.7
159,6.039337,11.747248,1.957875,0.213598,0.075389,48.746836,0.245111,-0.784813,-1.350293,-0.824571,-2.396863,1.942727,-1.936627,174.3
160,11.38301,8.261909,1.376985,0.402592,0.449277,48.05263,0.013113,-0.698655,-1.597548,-1.518142,3.315169,-1.993793,-3.163619,170.4
161,16.06265,11.329419,1.888237,0.5681,0.221444,46.817916,-0.110001,-1.474105,-4.647562,-2.081317,-6.217539,-3.397066,5.439024,168.7
162,11.643408,11.928672,1.988112,0.411801,0.139471,48.261941,0.019933,-1.682053,-1.466336,-1.571756,3.190597,-2.802163,3.307421,165.2
163,8.8556,11.997822,1.999637,0.313203,0.104451,48.212082,0.130297,-0.934013,-0.447302,-0.965602,-1.714418,-1.720425,2.047758,165.2
164,7.205766,13.059816,2.176636,0.254852,0.068183,48.354189,0.131632,-1.480779,-0.772906,-0.356851,-1.030314,-1.110261,-1.124259,175.9
165,7.720802,8.199581,1.366597,0.273068,0.314744,47.820591,0.147227,-0.715068,-0.881939,-1.165315,-2.399485,1.691415,-2.292466,167.9
166,9.383883,11.042879,1.84048,0.331887,0.139018,47.858296,0.145204,-0.440538,-1.033249,-1.034668,2.091957,-1.341503,-2.56455,171.1
167,14.715849,11.707892,1.951315,0.520467,0.185376,48.469617,-0.065406,-0.960451,-2.318473,-2.785114,5.9191,-3.267248,-5.340223,169.5
168,8.09095,12.54289,2.090482,0.286159,0.084911,47.915535,0.153935,-0.603008,-2.903041,-1.297172,4.464146,1.707898,3.398781,171.5
169,9.219685,13.058282,2.17638,0.32608,0.087266,48.125074,0.1154,-0.687422,-2.282455,-1.062766,3.663385,-1.531821,2.738401,163.02447509765625
170,6.168628,14.129787,2.354965,0.218171,0.047993,47.241684,0.332849,-0.257837,-0.365083,-1.020505,1.722904,-1.695458,-2.395182,154.2728271484375
171,9.75673,14.035148,2.339191,0.345074,0.077166,47.585563,0.096315,-0.611508,-1.5592,-1.15121,2.927823,-2.434511,-2.54006,165.54933166503906
172,13.047415,9.218075,1.536346,0.461458,0.339218,48.624065,-0.040864,-1.568367,-1.466407,-2.377232,4.333541,-3.842718,4.708124,177.93321228027344
173,7.232422,12.572356,2.095393,0.255795,0.075441,48.333704,0.204439,-0.480918,-1.683075,-0.630494,-2.003855,-0.873377,1.887207,159.75808715820312
174,13.143298,11.89602,1.98267,0.464849,0.158598,48.335534,-0.004819,-0.879419,-1.355828,-2.254968,4.257358,2.718599,-4.171465,164.30514526367188
175,13.219134,10.866875,1.811146,0.467531,0.205035,47.40461,-0.020142,-0.90627,-2.358062,-3.237856,-5.995689,-3.77258,6.62087,176.24473571777344
176,15.296759,13.200941,2.200157,0.541012,0.140863,48.945592,-0.11041,-2.078149,-2.20028,-1.981053,4.18289,3.075643,4.26855,180.11749267578125
177,16.474359,10.281762,1.713627,0.582661,0.300881,47.523461,-0.098865,-0.87975,-3.925599,-2.209573,-5.283457,-2.663911,5.840684,157.8
178,9.527601,12.838996,2.139833,0.33697,0.094155,48.178326,0.121253,-1.912875,-0.859412,-0.811691,-1.665196,-1.845099,2.197447,171.8
179,9.454583,13.190597,2.198433,0.334387,0.087237,47.998502,0.102216,-1.031999,-1.154273,-1.806182,3.316096,-3.016069,3.732364,161.8
180,14.900287,8.59708,1.432847,0.52699,0.500442,48.105962,-0.068713,-2.243185,-2.066018,-3.035014,5.954659,4.174663,-5.603445,176.3
181,13.929251,14.100576,2.350096,0.492646,0.108921,47.469102,-0.030906,-2.293525,-2.199692,-1.994321,4.613931,3.613182,4.111108,174.2
182,20.32529,8.79415,1.465692,0.71886,0.626047,47.421767,-0.198381,-2.627872,-2.691832,-2.507727,-5.192431,-4.018015,5.329573,181.3
183,14.299583,9.859721,1.643287,0.505744,0.297428,47.922546,-0.05734,-1.529687,-1.178172,-1.729415,-3.319264,-2.499269,-3.349021,172.0
184,6.911593,12.030899,2.00515,0.244448,0.080926,47.284338,0.275432,-0.740435,-0.014625,-0.690936,-1.044979,-1.106833,2.161998,165.2
185,12.589283,12.000519,2.000086,0.445255,0.148401,47.690616,0.038949,-1.119554,-0.874513,-1.764267,-3.391949,3.871213,-3.143668,176.4
186,12.416364,8.444712,1.407452,0.439139,0.44768,47.980446,-0.033378,-1.414882,-1.631448,-1.475072,3.529578,4.47131,3.05101,173.5
187,11.262113,9.145491,1.524249,0.398316,0.300994,47.710635,0.020807,-1.109081,-1.504687,-1.965926,3.705544,2.547271,4.54249,179.3
188,19.755374,9.26013,1.543355,0.698703,0.505594,47.753982,-0.177251,-1.88365,-2.700424,-3.208712,-6.130573,4.397232,-6.459243,175.0
189,13.945454,11.60051,1.933418,0.49322,0.180132,47.221841,-0.031418,-1.924234,-1.277233,-1.549438,-2.963122,2.511805,4.336804,165.8
190,15.536613,13.482333,2.247056,0.549495,0.135703,47.353102,-0.087929,-1.423429,-1.928911,-2.273066,4.430734,-2.993436,4.687495,179.3
191,21.73886,11.425422,1.904237,0.768855,0.292772,49.314889,-0.202523,-2.400119,-3.459967,-2.584526,5.676607,-5.618628,-5.810821,182.1
192,12.311057,10.573458,1.762243,0.435415,0.206799,48.432389,-0.021514,-2.989603,-1.724972,-2.519462,4.703178,-4.145105,-4.935399,177.0
193,15.897061,12.535785,2.089298,0.562244,0.167078,51.603732,-0.193775,-1.216644,-1.176824,-1.054926,-2.170846,-1.687118,-3.988865,188.1
194,14.694607,10.868569,1.811428,0.519715,0.227818,48.643337,-0.066426,-3.144917,-2.207528,-1.772479,-4.113116,-4.591379,-3.81024,184.0
195,13.178472,12.124442,2.02074,0.466093,0.151162,48.321263,0.017136,-1.627087,-0.540729,-2.126002,3.780586,3.297138,3.515296,189.5
196,12.068681,11.571322,1.928554,0.426842,0.156967,47.832054,-0.025795,-1.175701,-2.153943,-1.328305,3.089559,1.930902,-3.595203,184.0
197,4.767304,9.21603,1.536005,0.168609,0.12404,46.648392,0.352535,-0.944984,-0.386473,-0.226968,0.534593,-0.753463,1.724425,186.2
198,9.761208,8.504406,1.417401,0.345232,0.342144,48.181262,0.082885,-1.205288,-0.633762,-1.342234,-2.611571,-2.249977,2.399666,182.1
199,11.671334,10.555921,1.75932,0.412789,0.197016,47.886739,0.045776,-1.064138,-0.538964,-1.592925,-2.995778,-2.954901,2.710555,178.4
200,8.567208,10.64621,1.774368,0.303003,0.141038,46.879443,0.137145,-0.480615,-1.188438,-1.365572,-2.997906,-1.819425,2.689566,188.7
201,8.162673,9.391969,1.565328,0.288695,0.199066,47.61974,0.159535,-1.149136,-0.962892,-0.838816,-1.849351,-1.690936,-1.940511,169.6
202,12.364758,11.220825,1.870138,0.437314,0.175107,46.869257,-0.012956,-0.895875,-1.520593,-1.429946,-3.734003,-2.45565,2.910009,178.5
203,10.285704,8.268206,1.378034,0.363782,0.404662,47.628652,0.062392,-0.575636,-2.287374,-1.220671,-2.977173,-1.514111,3.943623,181.6
204,3.874242,10.629162,1.771527,0.137023,0.06408,48.015447,0.438602,-1.411562,0.428471,0.060064,-0.200781,-0.842269,-0.09381,176.8
205,8.752655,11.206943,1.867824,0.309562,0.124384,47.046631,0.139641,-0.469153,-1.950844,-0.50985,1.756356,-0.871194,-2.312388,181.6
206,14.437613,10.475594,1.745932,0.510626,0.249295,48.440786,-0.067608,-1.410979,-2.912166,-2.368477,-5.161101,-3.079905,-5.145431,182.9
207,15.829482,9.073288,1.512215,0.559853,0.435076,47.925498,-0.088908,-3.38972,-2.07416,-2.475132,-5.080915,-4.18144,4.798918,181.0
208,10.478233,9.410803,1.568467,0.370592,0.253814,47.237566,0.051134,-1.331716,-0.845326,-1.705554,-2.994365,3.550974,-3.592145,187.6
209,11.118601,8.013339,1.335557,0.39324,0.501767,46.977042,-0.008778,-1.487239,-1.976185,-1.362404,-3.087602,2.1318,-3.353444,184.1
210,15.171322,9.0381,1.50635,0.536576,0.422803,48.284287,-0.099008,-3.269544,-2.385618,-1.684428,-3.720474,-3.323032,-4.838365,188.7
211,15.321507,8.812414,1.468736,0.541887,0.468281,47.706929,-0.096566,-2.215428,-2.068237,-2.485343,5.778006,-3.599976,-4.761431,186.9
212,9.168302,11.054336,1.842389,0.324262,0.135425,48.097874,0.097441,-0.721129,-1.00481,-0.843625,-2.576936,-1.436648,1.773136,181.2
213,6.578588,10.920315,1.820053,0.23267,0.10061,47.750649,0.231165,-0.94377,-0.332199,-1.066169,1.957769,-1.718065,-1.880755,194.7
214,9.099355,11.002703,1.833784,0.321824,0.136207,47.900401,0.11716,-1.168704,-1.454024,-2.361623,4.30432,2.983136,4.67685,180.7
215,12.932187,8.841823,1.473637,0.457383,0.390389,47.976023,-0.023946,-1.140155,-1.506344,-1.618834,-3.19497,-2.580675,-3.789367,181.8
216,7.998878,12.75073,2.125122,0.282902,0.080458,47.883415,0.112098,-1.519061,-1.131143,-0.617734,1.925445,-1.411272,1.523907,190.3
217,13.295387,11.891128,1.981855,0.470228,0.160611,48.431659,-0.03916,-1.508122,-1.940489,-2.014846,3.996679,2.90758,-4.82943,173.7
218,8.269157,8.893209,1.482202,0.292462,0.244345,48.195941,0.15249,-0.548749,-1.154895,-1.825397,-3.553425,2.119721,3.403749,184.9
219,11.007516,8.193438,1.365573,0.389311,0.45018,48.181996,-0.000172,-2.689529,-1.575492,-1.15626,2.522131,2.502768,4.759266,194.0
220,11.828867,8.690102,1.44835,0.418361,0.381118,48.429833,-0.002023,-1.682555,-1.060525,-1.427799,-2.704523,-2.270581,-3.099884,195.2
221,10.855508,11.802028,1.967005,0.383935,0.133817,48.366987,0.075985,-0.451368,-0.961715,-1.153828,-2.262171,-1.492666,2.552781,195.3
222,9.199435,10.84117,1.806862,0.325363,0.143664,48.527593,0.096926,-1.23513,-0.797081,-1.973955,4.4429,-3.21227,3.360855,190.7
223,9.103784,9.60577,1.600962,0.32198,0.205991,48.197408,0.112876,-0.965083,-0.940477,-1.291248,2.827658,-1.781227,-2.440905,199.4
224,18.164984,10.297153,1.716192,0.642455,0.330257,47.746945,-0.152698,-2.889493,-3.57325,-3.127003,-6.58086,4.994515,-6.407955,192.6
225,16.87057,11.529308,1.921551,0.596674,0.221618,48.105595,-0.160036,-1.901432,-1.603351,-1.745217,3.422517,2.775847,-4.341001,184.4
226,9.915637,9.133404,1.522234,0.350694,0.266243,48.367718,0.074244,-1.165996,-0.940823,-1.290102,2.416882,-2.060424,3.052457,199.0
227,12.131703,11.17997,1.863328,0.429071,0.173573,48.219784,0.023694,-0.869873,-1.322872,-1.838811,-4.395623,2.390667,3.42197,192.4
228,11.267452,10.062917,1.677153,0.398505,0.219823,48.241417,0.112515,-0.2239,-1.271731,-2.082196,4.215229,2.523031,3.787161,194.5
229,10.942224,8.000625,1.333438,0.387002,0.497396,48.329314,-0.004383,-1.540146,-1.804695,-1.355938,-2.958545,2.234849,-3.441162,184.5
230,17.088197,11.992532,1.998755,0.604371,0.201792,48.372106,-0.130688,-3.399076,-3.365914,-2.24794,-5.462303,-4.979817,-5.083509,193.0
231,13.738023,10.762089,1.793682,0.485883,0.219133,47.748056,-0.051639,-1.747581,-2.822422,-1.752158,-4.30199,-2.872355,4.115516,185.9
232,11.313162,12.1407,2.02345,0.400121,0.129307,47.698402,0.031758,-1.11618,-1.202116,-3.074863,-5.227947,-5.598122,-5.699931,186.0
233,14.27085,13.008122,2.16802,0.504728,0.136401,47.960539,-0.05008,-2.15703,-2.006269,-2.130104,5.127544,-3.450148,-4.200559,182.8
234,16.238612,11.553592,1.925599,0.574323,0.212089,48.487127,-0.112817,-2.359534,-2.102069,-2.732143,6.37388,-4.398137,5.143649,192.8
235,13.916466,11.497272,1.916212,0.492194,0.184214,48.094565,-0.053158,-1.265646,-1.625395,-1.848611,4.636098,4.006933,3.587165,189.9
236,15.489496,9.813327,1.635555,0.547829,0.327054,47.025201,-0.106807,-2.498989,-2.04844,-1.883727,3.987353,-3.165615,4.013214,179.1
237,14.35373,12.482692,2.080449,0.507659,0.15253,48.241784,-0.048271,-0.902079,-2.342998,-1.759197,-3.848344,-2.213667,4.205009,193.7
238,16.860845,12.678039,2.113006,0.59633,0.172111,48.195207,-0.096711,-1.533709,-1.554979,-2.788941,-5.102438,3.694535,-5.109376,188.8
239,8.581735,13.772157,2.29536,0.303517,0.071103,48.323825,0.107698,-1.196773,-1.286428,-0.75793,2.221242,-2.826163,1.810632,182.2
240,10.291743,10.041414,1.673569,0.363996,0.202126,47.749167,0.019836,-1.855041,-0.949197,-1.158274,-2.829386,2.116383,-2.225032,193.8
241,10.563123,13.911992,2.318665,0.373594,0.085369,47.680974,0.04719,-1.0198,-3.455985,-1.297559,3.865739,3.691173,-3.790062,182.9
242,15.269312,10.796843,1.799474,0.540041,0.241294,48.179427,-0.068705,-1.229185,-1.389591,-2.691924,-5.32938,-3.616264,4.74405,190.8
243,14.716557,11.54292,1.92382,0.520492,0.192697,47.974549,-0.084874,-1.549685,-2.110134,-2.763163,5.431462,-3.548193,-5.277169,209.5
244,15.697088,12.969131,2.161522,0.555171,0.151183,48.052998,-0.107761,-1.473409,-2.214635,-1.903156,-4.144153,2.749709,4.084025,202.7
245,21.598547,14.326861,2.38781,0.763892,0.162474,47.733981,-0.200531,-2.937868,-3.032726,-3.090621,6.873182,-4.602817,-6.095161,193.5
246,12.848797,12.178427,2.029738,0.454433,0.145659,47.87529,-0.026841,-1.559774,-2.331303,-1.616079,3.607324,-2.403527,4.1421,196.8
247,9.915577,11.020286,1.836714,0.350692,0.147752,48.678588,0.079035,-1.851855,-1.925375,-1.286388,3.361624,-2.344092,-2.918791,189.5
248,13.599269,13.500007,2.250001,0.480976,0.118394,47.252164,-0.03878,-3.034754,-1.297803,-2.035585,3.775651,3.664819,3.972521,194.8
249,14.807312,14.18313,2.363855,0.523702,0.114151,48.525406,-0.058172,-1.41097,-3.525579,-2.445736,5.651666,3.596825,5.504652,200.91384887695312
250,17.578313,14.654414,2.442402,0.621706,0.125209,47.819852,-0.135311,-1.739447,-1.822642,-2.656888,5.118017,4.535344,-4.986482,194.71310424804688
251,21.503344,12.387434,2.064572,0.760525,0.233114,46.681361,-0.185149,-1.694392,-1.936243,-3.369755,-6.159542,-4.706494,6.07532,188.6011962890625
252,17.206425,12.05442,2.00907,0.608553,0.200422,48.216484,-0.131949,-2.216297,-3.018195,-2.407534,5.891706,3.607504,-5.120033,189.77069091796875
253,22.657488,11.666268,1.944378,0.801345,0.288191,48.164376,-0.227192,-3.083855,-2.674344,-3.480899,6.736808,-5.195383,6.439654,212.8214569091797
254,20.456085,9.444802,1.574134,0.723486,0.489537,48.260108,-0.188234,-1.803029,-3.191013,-3.083237,6.245951,-4.059897,6.319681,199.37969970703125
255,16.223162,11.762198,1.960366,0.573777,0.201818,46.314356,-0.0888,-2.091297,-1.924937,-2.423025,-4.595695,-3.835359,5.933846,182.33563232421875
256,17.167067,12.570937,2.095156,0.607161,0.17912,47.467985,-0.122227,-1.431595,-2.19676,-2.462047,4.805529,-3.731917,5.345297,195.5578155517578
257,13.089696,9.610489,1.601748,0.462953,0.295704,47.956483,0.00886,-0.633004,-0.957357,-2.098377,-3.690441,-2.446662,-3.921227,198.4
258,10.264778,9.652961,1.608827,0.363042,0.228569,48.296371,0.057678,-0.870893,-1.017411,-1.430445,-3.445528,-2.039774,2.660109,207.4
259,12.207751,9.301423,1.550237,0.431761,0.30769,48.534881,0.002743,-0.723989,-1.477332,-1.721289,-3.841672,4.375092,3.341138,194.2
260,15.275371,8.746783,1.457797,0.540256,0.480154,48.401709,-0.083329,-1.535649,-1.70749,-2.489871,-5.565976,3.275,-4.58913,203.2
261,7.260823,9.256752,1.542792,0.256799,0.186058,48.341753,0.236343,-0.572447,-0.386191,-2.027819,3.860877,2.340063,3.247241,201.9
262,4.781895,8.035275,1.339212,0.169125,0.213141,47.451217,0.348609,-1.192253,-0.159798,-0.468999,-0.894844,-1.257879,0.981585,210.8
263,9.506574,8.463093,1.410516,0.336226,0.339775,47.941731,0.085926,-0.934064,-1.46035,-2.022789,3.790278,4.983137,4.235964,199.8
264,12.677918,8.905337,1.484223,0.44839,0.372752,47.561773,-0.02157,-1.015196,-1.633315,-2.09003,3.951666,2.602272,5.343402,202.6
265,7.931578,8.590111,1.431685,0.280522,0.267235,48.044165,0.148471,-0.833636,-1.13283,-0.601178,-1.568709,-1.083374,1.68374,200.5
266,16.964688,8.738259,1.456377,0.600003,0.535224,47.827987,-0.134349,-2.304177,-4.070881,-2.517514,6.12008,-3.712666,5.82563,212.8
267,11.670939,8.749543,1.458257,0.412775,0.366418,48.492962,0.025597,-2.197092,-1.148376,-2.249799,-3.957706,-3.43691,-4.638011,207.3
268,6.582819,8.877105,1.479518,0.23282,0.195816,47.952796,0.229538,-0.370564,-1.937122,-0.460827,2.059066,-0.680865,-1.697409,209.5
269,13.802484,8.835685,1.472614,0.488163,0.417736,48.584407,-0.040218,-1.273182,-3.273538,-2.306657,5.808014,-3.095648,5.098634,200.9
270,9.651583,9.045681,1.507613,0.341355,0.268171,48.598237,0.110473,-0.766035,-0.994906,-1.773239,-3.282239,-2.233654,-3.336647,198.2
271,7.204157,8.293589,1.382265,0.254795,0.279793,48.431293,0.193935,-2.056384,-0.34511,-0.938836,-1.600087,2.883606,-2.11621,207.1
272,11.087711,9.332746,1.555458,0.392148,0.276268,48.858442,0.041487,-2.340852,-0.779222,-1.32144,2.835343,-2.996702,-2.399089,200.2
273,13.709733,8.274029,1.379005,0.484883,0.53777,47.551733,-0.069042,-1.335947,-1.38035,-1.73851,-3.588557,-3.158538,-3.36384,191.7
274,9.599857,8.62844,1.438073,0.339525,0.317891,48.608061,0.094719,-0.348595,-1.487048,-1.38738,-2.928839,-1.582688,-3.033883,201.7
275,9.17514,11.876754,1.979459,0.324504,0.111198,48.573851,0.089135,-0.909199,-1.872396,-1.093415,-3.007991,-1.60609,2.608289,191.8
276,5.845087,8.094079,1.349013,0.206728,0.252157,48.519211,0.219497,-1.270596,-1.073103,-0.087721,0.886764,-0.913531,-0.766875,207.5
277,3.764692,7.622187,1.270364,0.133149,0.216916,48.21575,0.433572,-1.715073,0.116331,-0.469734,0.818291,-1.90818,-0.777522,213.4
278,7.918206,8.864619,1.477436,0.280049,0.236764,48.238118,0.146735,-0.670138,-1.157158,-0.91484,-2.193034,2.142316,-2.037083,223.7
279,6.298906,7.668073,1.278012,0.222778,0.351765,48.147483,0.190895,-1.398098,-0.808677,-0.41328,1.565425,-1.523149,-1.043009,206.6
280,11.621322,9.44827,1.574712,0.41102,0.277769,48.535245,0.036992,-0.959863,-1.805634,-1.860633,3.709697,-2.56771,4.265326,201.2
281,19.635468,11.026751,1.837792,0.694463,0.2921,48.783462,-0.148009,-1.366095,-2.195238,-2.152067,-4.41734,-2.86011,-4.553633,201.7
282,7.336292,7.998625,1.333104,0.259468,0.333864,48.86568,0.157363,-1.615947,-1.021985,-0.730533,-1.62315,2.652919,2.176405,206.9
283,7.961867,9.580712,1.596785,0.281593,0.181706,47.934353,0.172214,-1.216909,-1.003234,-1.884544,3.724334,-3.103474,-3.366545,215.8
284,12.601188,9.86445,1.644075,0.445676,0.261703,48.694206,-0.020882,-0.917676,-1.727797,-1.920743,-4.154808,2.687111,-3.780321,214.1
285,10.685652,9.207646,1.534608,0.377928,0.278909,48.364428,0.059253,-1.046576,-1.289743,-1.683323,3.270895,2.308094,-3.384321,206.5
286,12.321164,8.222605,1.370434,0.435772,0.496273,47.651295,-0.024359,-1.148128,-2.114925,-1.831223,4.936126,-2.413644,-3.805192,216.9
287,16.755083,9.149518,1.52492,0.59259,0.447109,48.782737,-0.119033,-1.962334,-2.185508,-2.364532,-4.653123,-3.596176,-5.213172,213.3
288,7.505731,8.421316,1.403553,0.265461,0.273682,47.894124,0.147257,-1.042499,-0.838491,-0.614548,1.64703,-1.573385,-1.401917,206.0
289,10.146343,8.951462,1.49191,0.358853,0.292751,48.228219,0.060666,-1.200974,-0.644574,-1.142323,-2.323695,2.816315,2.102784,201.8
290,9.87777,8.834978,1.472496,0.349355,0.299042,46.937499,0.082491,-1.810325,-0.699905,-1.724497,-3.375284,3.274345,-2.967558,203.5
291,9.802345,10.43348,1.738913,0.346687,0.171303,47.891909,0.050988,-2.269495,-1.22513,-1.277217,2.937132,-2.422042,2.564232,205.2
292,12.384146,10.143009,1.690501,0.438,0.235763,48.059622,-0.021942,-0.972616,-1.75966,-1.968146,3.876884,2.650837,4.194586,217.7
293,18.644219,8.893062,1.482177,0.659404,0.550951,48.466334,-0.159713,-2.695079,-2.552317,-3.37733,-6.346164,-5.525085,6.40959,208.8
294,9.44181,13.158128,2.193021,0.333936,0.087662,47.852014,0.105126,-0.988438,-1.518332,-0.891125,-2.901521,-1.882857,2.101229,201.6
295,8.969334,9.190154,1.531692,0.317225,0.235666,47.56326,0.091944,-1.948808,-0.854006,-1.063883,-3.370159,-2.101434,-2.023262,203.7
296,18.825037,9.223598,1.537266,0.6658,0.488414,48.356749,-0.152238,-3.076188,-2.155825,-2.78219,-5.386035,5.048715,-5.395955,224.7
297,19.837955,9.192224,1.532037,0.701624,0.520826,47.520484,-0.177421,-1.967615,-1.802751,-2.825525,-5.39546,3.889252,-5.207882,208.3
298,13.295773,10.124205,1.687368,0.470242,0.254569,46.687422,-0.052355,-1.591201,-1.49741,-1.865157,3.563075,2.694643,-4.110098,210.2
299,16.736188,8.968781,1.494797,0.591922,0.479515,47.750278,-0.106547,-1.592038,-1.593174,-3.592855,6.125171,-4.419256,6.82699,198.7
300,6.391103,13.710788,2.285131,0.226039,0.053541,47.397895,0.217368,-1.312691,-0.72248,-0.482642,-2.279482,1.139036,1.086093,212.8
301,11.02069,9.155305,1.525884,0.389777,0.293436,47.523461,0.031616,-2.361174,-1.028549,-1.244861,-3.24594,2.451204,2.385649,216.7
302,20.012958,9.500899,1.583483,0.707814,0.469553,47.597082,-0.170083,-3.004443,-1.938576,-2.293873,4.416115,3.841634,-5.149136,211.2
303,14.098484,9.877075,1.646179,0.498632,0.291614,48.368815,-0.051519,-1.794361,-1.778131,-2.901945,5.346506,-3.921592,-5.424452,211.5
304,17.318003,11.161403,1.860234,0.612499,0.248936,48.782375,-0.134148,-1.854762,-2.480383,-2.564071,-5.115495,3.609243,5.487142,206.6
305,19.585754,13.308978,2.218163,0.692704,0.176699,47.504108,-0.176483,-1.662795,-2.080242,-2.481608,5.46247,-3.709074,4.768311,214.9
306,10.234307,11.411509,1.901918,0.361965,0.138297,46.926572,0.078387,-1.362879,-0.704955,-1.09178,-2.463146,-1.774156,2.016239,217.0
307,11.816421,9.128692,1.521449,0.41792,0.317857,47.207983,0.020136,-1.814106,-1.451729,-1.803326,-3.484373,3.359473,3.760485,221.7
308,14.979309,10.127892,1.687982,0.529785,0.286481,48.175389,-0.084476,-1.353872,-1.774759,-2.006319,3.896944,2.743113,-5.245522,215.5
309,7.32257,10.176142,1.696024,0.258983,0.138014,47.352356,0.159335,-0.68975,-0.737927,-0.427242,-1.087326,-1.01847,1.271153,214.4
310,9.191619,9.176298,1.529383,0.325087,0.242781,46.845481,0.030076,-0.947249,-1.975932,-0.924736,2.834017,1.442652,-2.403017,225.3
311,7.462764,8.851808,1.475301,0.263941,0.224342,47.336294,0.234106,-2.368492,-0.095457,-1.725542,3.333205,-2.909942,-2.644963,213.3
312,11.85243,8.998944,1.499824,0.419194,0.335497,47.858296,0.024538,-0.741969,-1.617044,-1.625852,-3.280006,-1.998269,3.673826,213.6
313,16.895274,9.430875,1.571813,0.597548,0.406331,47.709523,-0.115313,-2.030195,-1.539517,-2.213678,-4.154874,-3.253481,-4.382254,208.4
314,11.626853,8.477806,1.412968,0.411216,0.412669,48.044533,0.000368,-0.968968,-1.130164,-1.957635,-4.967483,2.443743,-3.501653,213.2
315,8.665518,8.901348,1.483558,0.30648,0.255199,48.473266,0.150968,-0.759499,-1.796603,-2.132381,-5.173346,-3.133903,4.097827,210.1
316,6.529962,8.867808,1.477968,0.23095,0.194995,47.650924,0.262897,-0.555988,-0.08069,-1.124445,-1.978059,-3.538549,-1.809071,220.8
317,8.504131,8.654541,1.442424,0.300772,0.278342,47.809126,0.142715,-0.790259,-1.490959,-1.938814,-3.690455,3.189236,-4.055933,212.7
318,11.92725,8.599407,1.433234,0.42184,0.400167,48.787087,0.000248,-0.90482,-1.589673,-1.580531,-4.3183,-2.555885,3.166646,217.6
319,16.781155,8.706898,1.45115,0.593512,0.536709,48.13279,-0.147572,-2.332797,-2.15003,-1.751981,-3.739667,-3.211244,-4.105431,216.1
320,9.849741,8.197079,1.36618,0.348363,0.40206,48.88775,0.039274,-1.553704,-1.956607,-1.205436,3.701139,2.349256,-2.789672,206.7
321,10.498996,9.301111,1.550185,0.371326,0.264652,49.032947,0.091184,-0.345374,-0.740135,-1.22308,-2.232803,-1.450087,2.662427,217.8
322,6.878461,7.923356,1.320559,0.243276,0.327038,48.161805,0.175796,-3.685433,-0.887379,-0.649515,2.147318,2.568072,1.425648,226.2
323,10.19282,8.942527,1.490421,0.360497,0.295162,47.318359,0.081206,-0.908317,-1.378033,-1.112924,-2.443805,-1.625823,-2.602311,228.3
324,8.831897,8.011572,1.335262,0.312364,0.398971,47.953164,0.102126,-1.006871,-0.776256,-0.981376,-1.934285,-1.524547,-2.129664,225.2
325,15.222284,8.92591,1.487652,0.538378,0.443801,48.133157,-0.079013,-1.482875,-1.939573,-3.336722,-5.949494,-4.110677,6.42781,216.2
326,7.975771,8.815758,1.469293,0.282085,0.243424,49.062873,0.175007,-1.754205,-0.280475,-0.81571,-2.285757,-1.771538,1.366935,205.7
327,12.344408,10.110333,1.685056,0.436594,0.237355,47.918487,0.036544,-0.909252,-2.488933,-1.817385,4.24714,-2.44876,-4.041049,218.7
328,7.521007,9.607163,1.601194,0.266001,0.170097,48.100448,0.146686,-1.224293,-0.912409,-0.709537,2.095166,-1.326314,1.536479,225.9
329,9.107471,9.266337,1.54439,0.322111,0.232548,48.161438,0.153654,-0.472988,-0.972021,-1.732072,-3.594597,-2.206396,-3.105794,224.6
330,12.944881,9.66403,1.610672,0.457832,0.287174,48.40865,-0.001471,-0.8522,-3.530968,-1.73208,-4.463794,-2.220456,-4.576166,216.3
331,12.134221,9.138644,1.523107,0.42916,0.325157,48.487491,0.021697,-0.733709,-1.837685,-3.388405,6.013433,4.289579,6.231866,223.9
332,8.108567,9.020012,1.503335,0.286782,0.227602,48.253512,0.156095,-0.916598,-1.071338,-1.117355,-2.510358,-1.791558,-2.274956,228.9
333,14.81577,8.817916,1.469653,0.524001,0.451772,48.685853,-0.084583,-2.352166,-2.34507,-1.918141,-4.161784,-4.061732,4.245388,226.2
334,12.342391,9.007927,1.501321,0.436523,0.348114,61.296774,-0.020117,-1.135665,-1.067599,-1.572569,2.907543,2.176544,3.48141,223.1
335,16.491045,10.247715,1.707952,0.583251,0.304236,49.463123,-0.111398,-3.606693,-1.998389,-2.857403,5.282678,4.701705,-6.028234,219.6
336,12.276324,8.141409,1.356902,0.434186,0.516162,48.46305,-0.043599,-1.410626,-1.402645,-1.150075,-2.471442,-1.908276,2.790207,218.1
337,12.66056,9.434865,1.572478,0.447776,0.304054,48.63352,0.008025,-1.043201,-1.452575,-2.214111,-4.404092,-2.847181,4.093368,212.1
338,7.335516,8.145154,1.357526,0.259441,0.307804,48.349434,0.151391,-1.013642,-1.153438,-0.742567,-1.726467,1.797378,2.0991,230.6
339,7.719819,8.395858,1.39931,0.273033,0.284983,48.880515,0.170448,-1.608628,-0.482531,-1.801845,-3.33715,2.653928,2.982769,222.2
340,13.200768,8.737981,1.45633,0.466882,0.416525,49.344285,-0.029375,-1.00954,-2.167252,-2.600894,-5.193612,4.534702,5.080333,218.6
341,20.057066,9.806944,1.634491,0.709374,0.424378,48.755179,-0.16641,-2.353961,-2.593118,-2.998206,6.011002,-4.289897,5.839202,230.4
342,13.44701,11.036697,1.83945,0.475591,0.199528,48.043429,-0.064754,-1.605966,-2.399353,-1.446447,4.437836,-2.72229,3.370833,221.4
343,12.803709,9.18835,1.531392,0.452839,0.336643,48.814989,-0.00582,-0.952153,-3.430345,-2.255314,-6.00502,3.781741,5.095481,219.4
344,8.057871,8.480934,1.413489,0.284989,0.285574,47.870118,0.124347,-0.655463,-0.807036,-0.477638,-1.161119,-0.823932,1.50145,236.7
345,7.051008,8.329251,1.388208,0.249378,0.268981,47.705817,0.217969,-1.636089,-0.981032,-2.11938,3.669566,-3.776624,5.209808,227.1
346,10.619898,8.141988,1.356998,0.375602,0.446378,48.09383,0.045819,-0.98817,-1.497047,-2.185346,-4.135311,-3.010847,4.227171,229.2
347,20.191394,8.931114,1.488519,0.714124,0.587424,48.801221,-0.195262,-2.708424,-2.297382,-2.684592,5.545721,4.057638,-5.208818,206.9
348,13.512729,8.262816,1.377136,0.477915,0.533088,47.527182,-0.05201,-2.775613,-1.921463,-2.737272,-5.321761,-4.181291,-5.136923,217.7
349,15.036759,10.167984,1.694664,0.531817,0.284107,48.625156,-0.067649,-0.90718,-1.729433,-1.552016,-3.314581,-2.127853,3.376087,214.2
350,14.066538,8.978899,1.496483,0.497502,0.401385,48.113681,-0.059273,-1.60848,-1.29872,-1.828445,3.526486,2.649362,3.559564,222.6
351,18.999276,9.024865,1.504144,0.671962,0.532268,47.302286,-0.16767,-2.303669,-3.339722,-2.957671,-6.328546,4.677687,6.102397,213.5
352,16.851685,8.744653,1.457442,0.596006,0.53019,48.077649,-0.12676,-1.538515,-2.041362,-2.374706,-4.671144,4.507953,4.813793,221.4
353,8.620343,11.802083,1.967014,0.304882,0.106262,48.484209,0.141817,-1.417555,-0.977899,-1.636521,-3.541361,2.448506,2.957998,217.2
354,10.558176,10.550719,1.758453,0.373419,0.178485,48.061094,0.075824,-0.797353,-1.650404,-2.33877,-4.420352,3.126772,4.570157,214.8
355,13.017804,10.641838,1.77364,0.460411,0.214564,48.097507,-0.007967,-1.402568,-1.826766,-2.012303,3.933203,2.717749,4.977804,220.4
356,15.111441,9.630491,1.605082,0.534458,0.339061,48.024285,-0.067477,-1.945535,-2.173617,-1.989577,4.529972,3.682263,-4.098418,215.8
357,5.838529,10.035738,1.672623,0.206496,0.114869,47.706558,0.372255,-0.861815,-0.136832,-0.819366,-1.868842,-1.461794,-1.313686,217.3
358,6.966267,8.373167,1.395528,0.246381,0.260034,48.958958,0.14919,-2.74414,-1.142794,-0.297534,-1.017825,-2.574796,-2.633085,219.1
359,8.437926,8.989036,1.498173,0.298431,0.239795,47.161885,0.101904,-0.734472,-1.467429,-0.753986,1.893641,1.622597,2.316549,217.8
360,3.789294,8.18644,1.364407,0.134019,0.155546,47.896709,0.473807,-1.392933,-0.054914,-0.081091,-0.178831,-1.143624,-0.595517,214.3
361,7.168727,8.870067,1.478344,0.253542,0.213869,48.054102,0.208217,-1.351698,-0.702875,-0.461157,1.768505,1.380632,-1.051005,222.9
362,12.452747,10.130715,1.688453,0.440426,0.237956,47.600054,0.028485,-1.39703,-1.098862,-1.586242,3.31602,2.28586,-2.968701,216.8
363,9.961199,11.273712,1.878952,0.352305,0.139226,48.266337,0.121629,-1.075415,-0.823776,-1.505993,2.934489,-2.101392,-2.747368,217.9
364,5.189116,9.749381,1.624897,0.183527,0.111887,47.787298,0.342937,-0.040832,-1.099543,-0.42794,-1.412512,-1.331416,1.289166,213.0
365,9.158249,9.516299,1.58605,0.323907,0.213722,48.489315,0.138393,-1.313451,-1.361224,-1.374649,-2.848116,2.083861,-2.949823,205.06985473632812
366,9.493419,10.273038,1.712173,0.335761,0.173831,50.251598,0.106751,-2.773584,-2.086887,-1.670522,3.588976,-3.059391,-3.936325,205.49847412109375
367,9.99513,10.037886,1.672981,0.353505,0.196516,47.619369,0.087821,-0.975017,-0.788743,-0.995964,-1.975629,-1.846008,-2.128343,217.17660522460938
368,4.642302,8.756703,1.45945,0.164188,0.1453,47.92845,0.384333,-0.81774,-0.184596,-0.263036,-0.80926,1.445237,-0.542638,212.1634063720703
369,6.686717,8.020502,1.33675,0.236494,0.300539,47.745093,0.17955,-1.530771,-0.928069,-0.514634,1.48315,1.287594,-1.319851,217.1304473876953
370,13.938083,8.904905,1.484151,0.492959,0.409876,47.885262,-0.050573,-3.139492,-4.152012,-1.607778,4.767345,3.223068,-4.555656,208.73687744140625
371,11.438057,10.217881,1.70298,0.404539,0.212899,48.576399,0.072847,-1.057285,-0.847775,-1.735838,3.905216,-2.668098,3.031444,207.7228546142578
372,12.664273,8.911465,1.485244,0.447907,0.371414,48.316872,-0.006609,-0.835628,-1.054666,-1.365219,-2.635174,-1.828909,2.88365,215.3444061279297
373,9.573158,9.650755,1.608459,0.338581,0.213328,47.774715,0.134216,-0.624954,-0.774491,-0.756227,-1.774718,-1.159335,1.602695,213.6324920654297
374,12.667489,9.337958,1.556326,0.448021,0.31503,48.401343,0.005197,-1.922294,-1.412952,-2.198231,-4.039346,-3.511494,4.410757,211.0387725830078
375,11.377802,8.991827,1.498638,0.402407,0.322981,48.452467,0.048995,-1.899726,-1.828245,-1.709609,-3.506392,-3.173849,3.936882,206.7722625732422
376,10.73851,10.207864,1.701311,0.379797,0.200478,47.565863,0.065735,-1.299391,-1.290995,-1.759951,-3.446066,-2.426224,-3.426046,214.0440673828125
377,10.589525,10.146743,1.691124,0.374528,0.20137,48.090153,0.063876,-1.318014,-0.840844,-1.248208,-3.539995,-2.086364,2.293423,212.2
378,9.706192,9.655358,1.609226,0.343286,0.215956,48.207681,0.103787,-1.597361,-1.588158,-2.910825,-5.154256,3.856968,-6.57486,219.9
379,9.46787,9.308383,1.551397,0.334857,0.238022,48.012132,0.111325,-1.793897,-1.120539,-2.010257,-3.57787,3.110617,-4.55611,213.5
380,13.916096,9.71395,1.618992,0.492181,0.303603,48.3359,-0.034676,-1.207712,-1.991102,-1.721982,-4.078322,2.482537,-3.6012,223.4
381,9.277946,10.972967,1.828828,0.32814,0.139955,47.860143,0.132523,-0.996329,-1.878741,-0.795183,-2.134543,-1.497847,3.111456,217.3
382,10.845915,8.83003,1.471672,0.383596,0.329036,48.097874,0.02322,-1.310723,-1.205999,-1.307292,2.759335,1.962815,2.677242,215.4
383,14.628777,8.949448,1.491575,0.517387,0.422428,47.527926,-0.081362,-1.713354,-1.525042,-1.728352,3.831148,2.602085,3.380616,217.9
384,5.669351,7.717784,1.286297,0.200512,0.306331,48.449547,0.233807,-1.242433,-0.1365,-0.130544,-0.27762,-0.814997,0.873152,226.9
385,8.245593,8.515186,1.419198,0.291628,0.287567,47.139757,0.095152,-1.40648,-1.291966,-0.688618,-1.682972,-1.550527,-2.544911,229.2
386,14.83451,9.059696,1.509949,0.524663,0.40991,48.465604,-0.074699,-2.09924,-1.932179,-2.172451,-4.230759,4.668041,-4.978634,227.1
387,13.916471,8.883927,1.480654,0.492194,0.412798,48.330046,-0.04961,-2.500182,-1.920448,-1.669547,4.193979,-3.029389,-3.47208,217.6
388,4.453146,9.610289,1.601715,0.157498,0.100606,48.666598,0.374224,-0.839943,-2.166322,0.258343,-0.730603,-0.231142,1.10953,228.6
389,5.88258,10.495905,1.749318,0.208054,0.100991,48.207681,0.304867,-1.693596,-0.617089,-1.611099,-2.840287,-2.529714,-2.917981,217.7
390,10.813275,9.62481,1.604135,0.382441,0.24309,48.504265,0.04744,-1.544558,-2.034807,-2.632193,-5.27106,3.405312,5.019616,221.0
391,12.955914,9.905596,1.650933,0.458222,0.265547,48.069556,0.000838,-1.814288,-1.413982,-2.706727,-5.605146,3.652451,4.768815,220.3
392,7.824246,10.839943,1.806657,0.276726,0.122228,47.995923,0.218974,-0.397835,-0.688244,-1.241312,-2.209548,-1.492204,-3.106375,224.3
393,7.581454,9.96196,1.660327,0.268139,0.152639,47.869749,0.193648,-0.544112,-1.311607,-1.105879,-2.688866,-1.486271,-2.357291,230.7
394,9.296594,8.854752,1.475792,0.3288,0.279126,47.972706,0.121476,-1.882707,-0.600684,-1.671747,-3.374124,-3.2413,-2.824562,241.5
395,9.3206,9.022249,1.503708,0.329649,0.26139,48.064037,0.101712,-1.261224,-1.359595,-1.691468,-3.656165,2.441585,-3.24772,220.6
396,12.569827,8.937365,1.489561,0.444567,0.36476,49.099623,-0.00624,-1.777002,-0.873304,-3.136163,5.206972,4.119372,5.40199,221.7
397,14.370426,8.819881,1.46998,0.50825,0.437829,48.558194,-0.041829,-5.130809,-1.803229,-2.959499,5.417167,-5.568104,-5.56388,218.2
398,11.197189,8.980891,1.496815,0.39602,0.319253,48.193739,-0.006195,-1.345474,-1.968285,-1.205343,2.822788,1.931098,3.232346,221.0
399,5.125978,9.520769,1.586795,0.181294,0.119436,47.914059,0.330709,-1.070106,-0.012443,-0.547628,0.914623,1.221803,1.068412,220.6
400,12.693235,10.363346,1.727224,0.448931,0.226355,48.166946,-0.004319,-1.568208,-1.481935,-1.558297,-4.574968,-2.473581,3.078582,217.1
401,11.623765,10.366413,1.727735,0.411107,0.207099,48.431659,0.024204,-2.451166,-2.325939,-2.510485,5.019256,3.931584,-5.147688,222.0
402,8.798747,9.796985,1.632831,0.311192,0.186775,48.380513,0.153847,-1.461538,-0.389045,-0.85672,-1.644507,-2.39279,-1.616621,239.9
403,7.528207,9.011974,1.501996,0.266256,0.211989,48.80412,0.173719,-1.187838,-2.12439,-2.869645,5.468474,-3.609632,5.544614,226.0
404,15.82683,11.123846,1.853974,0.55976,0.229671,48.640065,-0.087458,-2.516414,-2.123062,-2.653676,-5.461487,-3.992632,-5.06887,219.4
405,14.76971,9.058378,1.50973,0.522372,0.408331,48.436405,-0.06593,-1.987695,-1.583647,-2.877529,-5.324756,-3.904194,5.195978,219.9
406,5.263186,8.146195,1.357699,0.186147,0.220724,48.184932,0.326138,-1.088347,0.160464,-0.928497,-1.977106,-1.616963,1.322935,219.8
407,8.201647,8.802669,1.467112,0.290074,0.251709,48.372471,0.148782,-1.514388,-1.068128,-1.58356,5.028131,-3.466642,-2.909384,227.9
408,14.785131,8.411237,1.401873,0.522917,0.541744,48.529051,-0.093011,-1.810117,-2.895184,-2.080549,5.316793,4.260022,4.573549,216.6
409,11.563533,9.24716,1.541193,0.408976,0.297377,48.548724,0.015168,-1.410525,-1.707102,-1.425955,-3.514217,-2.360057,3.013021,218.9
410,8.819505,9.930287,1.655048,0.311926,0.179352,48.674228,0.106747,-0.749176,-1.47513,-1.214726,2.833394,-2.027284,2.632012,219.6
411,5.737652,10.382011,1.730335,0.202928,0.101766,48.158501,0.329234,-0.232441,-0.171689,-1.336308,-2.920782,-1.460629,-2.095094,229.1
412,6.988665,10.469263,1.744877,0.247173,0.120891,48.307721,0.232188,-2.684098,-1.954169,-0.848321,2.320429,2.2934,2.527176,232.8
413,12.581035,8.465214,1.410869,0.444963,0.449208,48.308087,-0.028296,-2.545205,-1.543046,-1.731155,-3.790233,-3.279128,3.401675,225.0
414,11.760276,11.891615,1.981936,0.415935,0.142051,48.449912,0.024919,-1.255549,-1.353467,-2.362798,4.39824,3.240684,-4.345802,227.7
415,8.081824,10.341253,1.723542,0.285836,0.14505,49.057466,0.179231,-0.841467,-0.533969,-0.667175,-1.378948,-1.12126,1.4663,219.4
416,5.550702,9.602383,1.600397,0.196316,0.125741,48.81354,0.350864,-0.099102,-0.31989,-1.355579,-2.286313,-1.641571,-2.422272,216.6
417,17.285148,9.91598,1.652663,0.611337,0.353109,48.634611,-0.125547,-2.267563,-2.26898,-2.506978,-5.111677,3.75512,-4.987372,225.6
418,15.02912,9.136098,1.522683,0.531546,0.403125,48.585499,-0.068946,-1.632848,-2.118665,-2.292075,-5.033238,-3.420042,-4.51485,223.3
419,10.599653,9.094264,1.515711,0.374886,0.288956,47.432953,0.028318,-2.916743,-1.604109,-1.143791,-2.577928,-3.178813,2.825691,222.6
420,17.603727,9.150169,1.525028,0.622604,0.469638,49.131667,-0.136463,-2.580095,-2.035455,-2.447154,-6.258339,3.857697,-4.68647,220.3
421,7.559966,8.000564,1.333427,0.267379,0.343662,47.821701,0.136412,-1.363242,-2.015103,-0.703292,3.547577,-1.570165,-2.062719,214.4
422,15.856151,8.915808,1.485968,0.560797,0.464197,48.398055,-0.090448,-1.978251,-2.161538,-3.001148,-5.594675,-4.001884,5.986092,219.2
423,14.518567,9.615532,1.602589,0.513489,0.32742,49.033669,-0.044552,-2.033742,-2.130894,-2.541693,-4.912486,-3.575307,5.266911,214.3
424,6.166984,8.812085,1.468681,0.218112,0.188512,48.232985,0.257536,-0.594827,-1.42123,-2.340188,-4.43817,-2.839348,-4.31885,226.9
425,15.367322,10.34872,1.724787,0.543508,0.275209,48.649517,-0.078434,-1.862633,-1.713408,-2.083146,-4.171332,3.681677,-4.097616,225.0
426,8.680529,10.705845,1.784308,0.307011,0.140589,48.780925,0.160412,-1.666996,-0.717858,-1.132988,-2.077891,-2.013602,-2.591597,229.7
427,8.198369,9.255572,1.542595,0.289958,0.210175,48.638611,0.160928,-0.550438,-0.931024,-1.12728,-2.229134,-1.403328,2.429345,230.1
428,15.900797,9.974776,1.662463,0.562376,0.318846,48.805932,-0.087942,-2.895519,-2.119422,-2.816267,5.788146,-5.485024,5.295147,226.2
429,5.639692,9.886866,1.647811,0.199463,0.116286,48.298568,0.314192,-0.249623,-0.810802,-0.410866,1.0601,-0.629797,-1.416826,217.6
430,11.52476,9.691391,1.615232,0.407605,0.253332,48.308087,0.014516,-1.653073,-2.679998,-1.545461,3.888087,3.014323,3.750299,220.7
431,10.791912,9.619759,1.603293,0.381686,0.243027,48.039012,0.035446,-2.0451,-1.389424,-1.096727,2.38886,2.122276,2.686839,225.7
432,7.820057,8.428573,1.404762,0.276578,0.284149,48.628066,0.182488,-1.034528,-0.924873,-1.821354,3.861462,-2.480941,3.204692,226.4
433,12.37509,9.878928,1.646488,0.437679,0.255815,48.27513,0.004114,-1.34608,-1.654983,-2.422962,4.632976,3.180118,4.590488,225.9
434,9.245419,9.772527,1.628755,0.32699,0.197835,48.735226,0.090715,-1.044526,-1.07136,-1.833963,-3.290769,2.59393,4.143594,217.4
435,11.755152,8.794398,1.465733,0.415753,0.362037,49.067558,-0.008572,-0.781923,-2.513005,-1.252233,-3.135447,-1.80391,-4.397574,229.8
436,19.401506,9.687894,1.614649,0.686188,0.426975,48.686579,-0.180272,-2.699645,-3.874496,-3.017749,-6.365046,-4.47793,-6.721218,228.1
437,20.952631,9.073439,1.51224,0.741048,0.575853,48.707278,-0.19999,-3.280053,-3.021808,-3.155228,-6.487692,-6.283124,-6.204849,245.6
438,13.825032,8.92001,1.486668,0.48896,0.404038,48.690574,-0.100348,-1.886368,-1.566122,-1.221564,4.203667,-2.468635,-2.615535,225.9
439,8.309067,8.994343,1.499057,0.293873,0.235631,48.10633,0.096965,-0.993401,-1.51196,-0.681391,-1.977045,1.685513,-1.888981,229.0
440,14.48207,9.843734,1.640622,0.512198,0.302782,48.236285,-0.064249,-1.358313,-2.51234,-2.24935,-5.328624,-2.993662,4.636833,223.6
441,12.636067,9.896911,1.649485,0.446909,0.25971,48.228219,0.012406,-1.528382,-1.398817,-2.507655,-4.827492,-3.330614,4.503252,220.6
442,13.799063,8.470876,1.411813,0.488042,0.491376,48.399151,-0.055321,-1.813619,-2.175677,-2.029767,-4.259245,-2.948911,4.307834,230.3
443,16.761944,9.627655,1.604609,0.592832,0.376456,48.116989,-0.122036,-1.927576,-2.491235,-2.582597,5.124122,-3.547591,-5.758997,229.7
444,12.972417,9.764996,1.627499,0.458805,0.278274,47.90077,-0.003771,-1.544604,-1.118992,-1.675209,3.521929,3.885196,-3.101511,226.3
445,5.784227,7.785814,1.297636,0.204575,0.299149,47.931771,0.231432,-1.028881,-0.582213,-0.54239,-1.45948,1.059094,-1.151839,230.9
446,8.978686,9.105499,1.517583,0.317556,0.2437,48.191171,0.131436,-1.754711,-0.960182,-1.774472,3.83942,2.651868,-3.150649,227.9
447,16.963011,8.873595,1.478932,0.599944,0.505326,48.890282,-0.122347,-2.335272,-2.197243,-3.193786,-5.85966,4.489799,6.605113,229.5
448,17.677569,9.480232,1.580039,0.625216,0.417779,48.501713,-0.124025,-1.892085,-1.747388,-2.675438,5.469941,-4.340698,4.897856,240.0
449,13.699369,9.397337,1.566223,0.484516,0.333447,48.645518,-0.030128,-2.684516,-2.331985,-2.776081,6.240397,4.458446,-5.323172,234.1
450,22.517166,8.951393,1.491899,0.796382,0.649703,48.877621,-0.226111,-2.861126,-3.090548,-2.73116,-5.685654,-4.556149,-5.899328,226.7
451,7.771182,9.184928,1.530821,0.274849,0.20459,48.084637,0.179325,-0.726381,-1.408858,-0.793478,1.941185,-1.20275,-2.251951,230.7
452,8.36277,9.377446,1.562908,0.295772,0.205016,47.808017,0.141341,-1.25948,-0.72266,-1.08392,-2.19595,2.471432,-2.091849,221.0
453,21.331365,9.244147,1.540691,0.754443,0.549193,47.799138,-0.205155,-2.575391,-2.627711,-2.823781,5.694089,4.216845,5.664636,227.4
454,15.031941,9.020601,1.503434,0.531646,0.421837,48.150422,-0.076463,-3.049105,-2.897641,-2.098075,5.595593,-3.812929,-4.596257,239.0
455,10.589643,9.290193,1.548365,0.374532,0.268014,48.108535,0.064787,-1.752426,-2.326944,-1.713554,3.753647,-2.940411,-4.259953,229.1
456,12.090941,9.297405,1.549567,0.42763,0.305197,47.971968,0.008197,-1.61501,-1.049702,-1.603589,-3.000511,-2.411528,-3.209225,244.5
457,12.179706,9.54822,1.59137,0.430769,0.281097,47.370651,0.020655,-1.85769,-2.034782,-2.089341,-4.172367,-3.118215,4.66128,235.7
458,15.354939,10.255632,1.709272,0.54307,0.282612,47.847948,-0.036364,-1.105108,-2.21877,-2.855198,5.576603,-5.787279,5.488193,233.2
459,10.458371,9.130269,1.521712,0.369889,0.281155,48.470712,0.076291,-1.181173,-1.792847,-2.365433,-4.515591,-4.030278,-4.71596,234.5
460,16.469346,9.721609,1.620268,0.582484,0.358392,48.216851,-0.109929,-2.501715,-2.153576,-2.433438,5.934949,3.712723,4.725349,248.6
461,24.494251,9.296449,1.549408,0.866307,0.618496,48.775487,-0.252133,-3.129185,-3.676613,-3.137799,6.422036,4.700377,6.79372,243.5
462,17.419163,9.334646,1.555774,0.616077,0.433724,47.661685,-0.12417,-1.745982,-2.172324,-1.982504,4.301927,4.710566,4.145242,245.1
463,12.289329,9.611838,1.601973,0.434646,0.277496,47.938411,0.031224,-0.870813,-1.27615,-1.439482,3.284564,3.249526,2.821604,244.2
464,21.277847,10.126473,1.687746,0.75255,0.407117,48.236285,-0.178109,-1.962506,-2.883994,-3.699506,6.718385,4.719204,-6.837249,241.3
465,15.293661,10.394466,1.732411,0.540903,0.270283,47.565119,-0.081583,-2.386998,-1.544584,-2.763501,-4.972393,4.336382,5.222363,240.9
466,17.754351,9.709438,1.61824,0.627932,0.387924,48.595326,-0.108777,-1.835903,-1.890151,-3.13566,-5.936292,-4.259269,5.681766,240.5
467,17.58747,9.852093,1.642015,0.62203,0.366716,48.553823,-0.131879,-1.667748,-3.538259,-2.543997,5.861197,-3.813929,5.626412,236.4
468,17.264437,10.02686,1.671143,0.610605,0.340602,48.241784,-0.120714,-2.333864,-2.240233,-2.422456,5.222825,-4.011432,-4.776892,241.3
469,18.948348,9.245797,1.540966,0.670161,0.48754,48.180528,-0.162292,-2.060762,-3.660589,-2.205113,5.198696,-3.566907,-5.413175,233.2
470,7.982605,8.765565,1.460928,0.282327,0.248898,46.777483,0.142573,-0.947392,-1.145899,-0.666198,-1.576773,-1.27984,2.414906,236.8
471,16.771536,9.45974,1.576623,0.593172,0.399243,48.407189,-0.101682,-1.991346,-3.194908,-3.468679,6.591601,4.472511,6.899826,228.8
472,19.638431,9.086311,1.514385,0.694567,0.537025,47.802838,-0.167656,-3.263974,-2.450602,-2.56271,-5.176613,-4.824811,-5.256232,240.2
473,29.930155,10.569014,1.761502,1.058563,0.503385,48.0125,-0.298283,-2.937295,-4.421528,-2.869947,6.493557,-4.984602,-6.509156,241.1
474,26.537784,10.924303,1.820717,0.938582,0.405433,46.202729,-0.240045,-1.510624,-1.858666,-2.213159,-4.397234,-3.6618,-4.399794,248.4
475,13.931317,9.43838,1.573063,0.49272,0.334154,47.655748,-0.028502,-1.396507,-2.165901,-2.895234,6.255032,3.629235,-5.417576,243.4
476,15.985495,9.369072,1.561512,0.565371,0.393078,48.465239,-0.094236,-1.791957,-1.876947,-1.932382,-3.874023,3.48421,4.237244,233.1
477,25.996224,9.343004,1.557167,0.919428,0.645317,48.969793,-0.270694,-3.5045,-2.843887,-3.034243,6.202253,4.785218,-5.990134,241.2
478,16.384461,9.304563,1.55076,0.579482,0.412484,48.128381,-0.117956,-1.650969,-2.065857,-1.882568,-4.087604,3.728619,-3.948147,242.7
479,11.866583,9.145316,1.524219,0.419695,0.317171,48.071395,-0.013203,-1.548698,-1.679721,-0.968854,-2.298539,-1.956567,-3.097805,234.4
480,20.57196,9.284324,1.547387,0.727584,0.521787,47.868271,-0.181666,-1.994478,-1.753684,-3.066755,6.210782,4.170346,-5.469318,229.4
481,20.480482,9.277873,1.546312,0.724349,0.520709,48.567297,-0.183905,-3.414848,-2.144875,-3.505626,6.516392,6.196174,-6.284538,240.7
482,23.197176,9.978382,1.663064,0.820432,0.464629,47.811346,-0.218792,-1.768236,-2.272216,-3.717805,-6.63752,4.63454,6.614288,241.0
483,16.564619,9.101999,1.517,0.585854,0.45021,46.88925,-0.107076,-2.000177,-2.218573,-2.877859,-5.540744,4.217555,5.582408,247.6
484,24.26928,9.810144,1.635024,0.85835,0.512967,47.095094,-0.239737,-2.945723,-2.607235,-3.354994,6.32778,-4.848668,-6.426113,237.2
485,29.277257,11.697754,1.949626,1.035471,0.369674,47.375504,-0.299683,-2.879733,-3.473101,-3.995309,6.984892,-5.451815,-6.92712,243.9
486,57.072567,15.321215,2.553536,2.018529,0.365639,47.075189,-0.417305,-2.336945,-2.758678,-2.265841,-5.188491,3.70834,4.809706,238.4
487,14.087079,9.289064,1.548177,0.498229,0.356679,48.331143,-0.095693,-1.207663,-1.312694,-1.451826,-3.953927,2.216337,2.83531,245.3
488,5.754548,8.645897,1.440983,0.203525,0.189074,48.118459,0.309643,-0.979259,-0.693935,-1.440099,-3.350784,-1.962676,2.511609,241.9
489,9.432834,8.179957,1.363326,0.333618,0.388534,48.562928,0.082458,-1.757873,-2.006894,-1.569949,-3.501099,-2.488299,-3.516681,253.4
490,7.749721,8.878327,1.479721,0.27409,0.23041,48.349069,0.164021,-1.779561,-0.862977,-1.263903,2.333268,2.16501,-3.111987,248.1
491,4.857252,9.481866,1.580311,0.17179,0.114727,47.607855,0.372805,-0.669131,-0.628737,-0.393788,1.026589,-0.745752,-1.089011,245.0
492,3.818211,8.252599,1.375433,0.135042,0.151423,49.105385,0.430909,-0.354522,-0.344675,0.017127,-0.147413,0.541894,1.373214,259.8
493,12.714332,9.285219,1.547537,0.449677,0.32238,48.782737,-0.006326,-1.911846,-1.9359,-1.391724,-3.055499,2.449517,-5.246528,240.8
494,5.359223,9.187797,1.5313,0.189544,0.140937,48.791074,0.307168,-0.303656,-0.527477,-0.340494,-0.840188,-0.54421,1.066074,233.2
495,6.030445,7.855059,1.309176,0.213283,0.29874,47.890801,0.257324,-0.326247,-1.513739,-1.390338,-2.895223,4.497344,3.174959,240.2
496,12.278781,9.72953,1.621588,0.434273,0.266499,48.422895,0.005024,-1.618533,-1.13339,-1.366196,3.340084,2.219353,2.623846,242.1
497,14.176018,9.54691,1.591152,0.501374,0.327318,48.396959,-0.038747,-1.910152,-1.578659,-2.170683,4.340767,-3.183512,-4.108857,236.6
498,11.568899,8.941801,1.4903,0.409166,0.335109,48.499161,0.027107,-1.151472,-1.339167,-4.417072,-6.839525,-5.07817,-6.90852,237.2
499,11.697666,8.525833,1.420972,0.41372,0.405942,48.433119,-0.002011,-1.68154,-1.445682,-1.582479,-3.964631,2.748033,3.100524,253.8
500,18.5951,9.882687,1.647114,0.657667,0.38393,48.193372,-0.112001,-2.434313,-2.456886,-2.072489,-4.910226,3.802738,4.352037,236.8
501,10.821995,8.947483,1.491247,0.38275,0.312751,48.40938,0.052009,-2.12608,-1.86471,-1.617977,-3.541237,2.682054,3.482167,246.5
502,12.561716,9.061718,1.510286,0.44428,0.346832,48.615336,-0.021745,-1.927657,-2.029251,-1.83319,4.039551,2.843969,-3.835769,252.4
503,4.097428,8.294797,1.382466,0.144917,0.159037,48.527228,0.426178,-0.708546,-0.627244,-0.965196,-2.492533,-1.320437,-1.769037,246.7
504,10.546095,9.289266,1.548211,0.372992,0.267003,48.306989,0.056506,-1.618263,-1.342543,-1.324971,-2.748128,-2.473286,2.894529,258.9
505,18.549458,9.299523,1.549921,0.656053,0.467856,48.468888,-0.146958,-2.233288,-1.831896,-2.693226,5.13236,3.855728,-5.073313,241.1
506,9.993464,9.176926,1.529488,0.353446,0.263897,48.95065,0.078904,-2.507852,-1.1052,-1.274706,2.957145,3.16174,-2.488373,237.4
507,6.477379,9.272669,1.545445,0.22909,0.165003,48.35748,0.231358,-1.745322,-1.053344,-1.209806,-2.783979,-2.59305,2.371673,241.1
508,9.215735,8.933536,1.488923,0.32594,0.267846,48.72688,0.105725,-1.097844,-0.933174,-1.732359,3.657426,-2.301238,-3.079744,237.3
509,13.910851,8.787919,1.464653,0.491996,0.429612,48.324191,-0.051407,-1.743265,-3.667181,-3.672476,6.848786,4.570605,6.927638,240.9
510,17.751016,9.050477,1.508413,0.627814,0.492284,48.901494,-0.136931,-2.239431,-2.146351,-2.292204,-4.545517,-4.980005,4.918386,263.3
511,10.619567,8.622333,1.437055,0.37559,0.352624,48.722887,0.051911,-1.975141,-2.46351,-2.027307,-4.463145,-3.064259,4.387592,271.2
512,12.345592,8.888211,1.481368,0.436636,0.365553,49.481353,-0.011434,-1.023163,-1.774749,-1.974334,4.022954,-3.515162,-3.977364,244.3
513,16.475125,9.099333,1.516555,0.582688,0.448242,48.652061,-0.103898,-2.117402,-2.719193,-2.981445,-6.1181,-4.055887,5.849013,248.4
514,12.913984,8.832113,1.472019,0.456739,0.391432,49.047011,-0.017811,-1.366402,-1.119294,-1.44346,-3.19065,-2.128754,-2.751838,255.2
515,6.29597,8.906762,1.48446,0.222674,0.185003,48.531601,0.273137,-0.347362,-0.893922,-1.355887,2.969643,-1.711357,2.504929,268.3
516,12.182625,8.692728,1.448788,0.430872,0.392063,49.081611,0.007306,-1.305576,-1.95499,-2.618323,4.917033,-4.576138,5.471156,255.1
517,18.493639,8.639401,1.4399,0.654079,0.609402,48.974487,-0.161099,-3.369515,-2.745433,-2.72663,5.894629,-4.436557,5.476327,247.2
518,6.811392,8.366722,1.394454,0.240904,0.255059,48.650971,0.216909,-0.673447,-0.481983,-0.857469,-1.546794,-1.417242,-2.059175,249.5
519,9.350564,9.257254,1.542876,0.330709,0.239563,49.248505,0.142569,-1.33857,-1.394242,-3.224181,-5.593905,-4.068709,5.767913,248.7
520,13.432728,9.765346,1.627558,0.475086,0.288115,48.747924,-0.018208,-1.631059,-1.052459,-1.466415,2.771045,2.345935,3.088745,255.2
521,16.45901,9.40528,1.567547,0.582118,0.399477,48.584043,-0.10446,-1.831713,-2.414069,-2.539897,-5.628444,3.457903,-5.024538,242.4
522,17.596513,9.088467,1.514745,0.622349,0.480782,48.597509,-0.12715,-1.813833,-1.811955,-2.903224,-5.263327,-3.837686,5.888922,265.7
523,19.233848,9.387402,1.564567,0.680258,0.469834,48.025022,-0.165401,-2.026512,-2.265287,-3.330081,-6.216755,-4.373657,-6.190005,262.1
524,16.903901,9.573711,1.595619,0.597853,0.38671,48.230785,-0.100594,-2.477671,-1.790244,-2.673021,-4.908255,4.07626,5.631967,260.6
525,7.818325,8.401945,1.400324,0.276517,0.287766,48.680767,0.135826,-0.833579,-1.474902,-0.918192,2.202424,1.427373,-2.354001,255.7
526,21.749488,9.284625,1.547438,0.769231,0.551593,49.285117,-0.200151,-3.434182,-2.684785,-3.309534,-6.587514,-5.289894,6.246264,245.2
527,11.918731,8.918639,1.48644,0.421539,0.348522,48.640065,-0.002584,-1.338734,-2.521239,-1.646676,-4.638144,-2.870137,3.733729,248.7
528,5.417811,8.355157,1.392526,0.191616,0.204036,48.594962,0.316351,-0.802515,-1.255723,-1.013348,2.517123,1.943994,2.191659,255.0
529,15.018154,9.000523,1.500087,0.531159,0.424838,48.16768,-0.086783,-2.113355,-2.030608,-1.784022,-4.135273,-3.308302,3.721133,244.8
530,14.176282,8.479061,1.413177,0.501383,0.502857,58.53027,-0.090305,-2.503321,-2.482387,-1.591213,-3.688203,3.050987,3.935031,241.4
531,8.497368,9.476512,1.579419,0.300533,0.201084,49.14966,0.150508,-1.347977,-1.078503,-0.883491,-2.293737,2.166325,1.89686,258.2
532,14.63466,8.22208,1.370347,0.517595,0.589617,48.660784,-0.083279,-2.019557,-2.051815,-2.615078,-5.830849,-3.753351,-4.947954,255.5
533,4.169977,8.723206,1.453868,0.147483,0.132422,48.786362,0.448813,-0.823157,0.009458,-0.667083,1.504148,1.203637,1.017877,250.9
534,10.794066,10.488535,1.748089,0.381762,0.185699,48.54836,0.058378,-2.584374,-1.321366,-1.270798,2.644432,-2.614379,-2.828017,256.7
535,19.992121,8.990724,1.498454,0.707077,0.567767,49.030062,-0.182278,-1.962261,-2.711954,-2.844481,5.639131,4.332662,5.987858,270.1
536,11.206257,9.994901,1.665817,0.39634,0.223297,48.419973,0.008996,-1.78017,-0.967947,-1.260906,2.442901,2.376212,2.661698,269.4
537,11.753111,8.689517,1.448253,0.415681,0.378775,48.547996,-0.004319,-1.412738,-2.625863,-1.485529,-3.541295,3.318553,-5.044439,263.7
538,19.857,9.263014,1.543836,0.702298,0.50765,48.338461,-0.159884,-2.325645,-2.422551,-2.873315,-5.520541,-4.035751,6.070961,251.2
539,16.351291,10.08773,1.681288,0.578309,0.316581,48.914149,-0.072861,-1.871359,-2.647783,-2.747357,5.464035,3.769392,-5.845698,253.5
540,14.250476,9.500371,1.583395,0.504008,0.334413,48.360406,-0.034663,-3.122645,-1.573785,-2.996311,6.212529,4.887762,5.27526,251.1
541,18.015872,9.551383,1.591897,0.637181,0.415335,48.618973,-0.133585,-1.807093,-2.115752,-2.143325,4.476227,3.153282,-4.379051,255.4
542,13.294003,8.595847,1.432641,0.470179,0.446743,48.891729,-0.044553,-2.999483,-1.585064,-2.345667,4.835302,4.26439,4.330171,256.4
543,13.653243,9.325301,1.554217,0.482885,0.341119,48.386727,-0.025633,-1.570446,-2.566393,-2.649103,-6.01001,-4.863782,5.254537,245.0
544,7.913691,8.444691,1.407449,0.27989,0.285336,48.680767,0.170046,-1.971922,-2.153876,-2.100993,-4.718618,-3.133169,-4.251397,266.5
545,18.365761,9.924911,1.654152,0.649556,0.374121,48.677135,-0.150017,-1.71744,-2.230624,-2.040529,-4.249795,-3.051789,4.443515,248.6
546,10.125332,9.75561,1.625935,0.35811,0.217873,48.369181,0.077184,-1.68001,-1.273605,-1.904107,-3.93581,2.971895,-3.523036,248.1
547,8.598772,8.893654,1.482276,0.304119,0.254038,48.325289,0.123089,-1.166835,-2.9672,-1.500388,5.069303,2.153051,3.734422,243.1
548,7.063069,8.447585,1.407931,0.249805,0.254314,48.553823,0.173057,-0.746461,-0.489208,-0.687767,-1.470324,-2.221615,1.390508,245.6
549,8.580241,9.264568,1.544095,0.303464,0.21923,48.659694,0.1615,-0.706854,-0.974689,-1.349747,2.754064,-1.849219,2.598237,261.3
550,14.998406,9.132498,1.522083,0.53046,0.40286,48.555644,-0.061545,-2.27896,-1.852612,-1.907193,3.915731,3.142669,3.96112,248.6
551,26.669392,10.456447,1.742741,0.943237,0.463019,49.484212,-0.268538,-2.381436,-2.392762,-2.90436,-5.541092,-4.102494,6.344071,244.1
552,18.817634,9.217386,1.536231,0.665538,0.489364,48.900047,-0.146545,-2.09036,-2.213973,-2.914423,5.470321,-4.207286,6.233487,245.0
553,8.365212,9.264505,1.544084,0.295859,0.213741,48.761707,0.167769,-0.995044,-1.111402,-1.042224,2.745342,-2.54551,2.131521,265.6
554,15.462984,9.805291,1.634215,0.546891,0.327351,48.545446,-0.059143,-1.263947,-1.739537,-3.168066,5.683761,-3.805737,-5.839286,251.5
555,9.521764,9.180269,1.530045,0.336763,0.251122,49.049535,0.107483,-1.352566,-1.618966,-1.266854,2.864462,-1.949392,-2.856117,246.9
556,11.017196,8.887832,1.481305,0.389654,0.32627,48.354555,0.022016,-1.190559,-1.3238,-1.451554,2.999765,2.100293,-2.980091,239.4
557,17.063924,9.820076,1.636679,0.603513,0.359508,49.074405,-0.093932,-1.23465,-1.370275,-2.271011,-4.70902,-3.096688,4.10401,239.6
558,10.159336,8.805785,1.467631,0.359313,0.311379,48.046006,0.057828,-1.8469,-2.681426,-1.714312,-4.567034,3.265266,3.922661,252.1
559,5.909871,8.378783,1.396464,0.209019,0.219994,48.514837,0.236035,-0.695219,-0.970837,-0.25129,-1.044641,-0.598913,0.985157,253.8
560,7.63502,9.654895,1.609149,0.270034,0.169901,48.565477,0.188117,-0.969798,-1.844915,-1.006232,-2.45516,1.625288,-2.927449,258.1
561,2.948728,7.814829,1.302471,0.10429,0.149749,48.285752,0.546159,-1.823593,-0.663207,-0.200232,-0.72211,-1.680865,0.866349,248.7
562,15.157925,9.933015,1.655503,0.536102,0.307983,48.806294,-0.094926,-2.29279,-1.804202,-1.484391,-3.139447,-2.985835,3.785152,257.4
563,23.301896,9.424362,1.570727,0.824136,0.561713,48.788537,-0.228848,-2.582449,-2.549113,-2.713377,-5.335329,-4.801621,-6.646241,255.8
564,16.53642,8.646332,1.441055,0.584856,0.543223,48.730872,-0.117158,-1.597664,-2.585842,-1.769662,-3.973126,-2.570521,-4.419197,261.0
565,14.132745,10.3502,1.725033,0.499844,0.252991,48.72942,-0.034745,-2.256615,-1.957583,-1.543112,-3.56393,-2.67664,-3.366993,255.2
566,10.4498,9.714967,1.619161,0.369586,0.227903,48.19961,0.090854,-0.797575,-1.290397,-1.039489,-2.27886,-1.470952,-2.473065,254.4
567,5.837512,7.704857,1.284143,0.20646,0.318109,48.487127,0.263342,-1.020587,-2.062072,-0.923452,2.417701,1.443295,-3.497788,249.6
568,24.217911,9.680699,1.61345,0.856533,0.534258,48.607333,-0.230872,-2.921684,-3.536419,-2.668692,5.766808,-4.145666,6.206845,242.4
569,28.554054,10.11663,1.686105,1.009893,0.547976,47.945051,-0.296428,-2.74599,-3.6194,-3.283962,6.549198,5.005586,6.912698,257.1
570,5.200996,9.219875,1.536646,0.183948,0.135128,48.189703,0.264778,-0.853898,-1.244026,-0.080055,-1.027016,0.552594,-0.810211,270.1
571,8.313723,8.849917,1.474986,0.294038,0.250121,48.154094,0.175396,-0.725671,-0.486818,-0.886517,-1.588841,-1.325841,-2.151973,257.3
573,12.665868,8.564663,1.427444,0.447963,0.431732,48.518482,-0.044301,-2.066547,-1.998181,-1.388155,-4.362959,3.348021,-3.081866,287.9
574,14.054876,9.577011,1.596168,0.49709,0.321168,49.114027,-0.03549,-1.638545,-1.685041,-1.985455,3.891515,2.822783,4.097075,257.2
575,13.507856,9.918787,1.653131,0.477743,0.275699,48.846134,-0.017156,-1.13315,-1.725536,-1.424997,-3.011187,-2.042401,-3.653892,277.1
576,7.695718,9.074917,1.512486,0.27218,0.211383,48.734863,0.187939,-1.168488,-1.82351,-1.053234,-2.548755,1.741939,2.809359,266.2
577,12.194789,9.806719,1.634453,0.431302,0.258043,48.624793,0.031313,-1.476944,-1.457787,-1.544487,3.775943,-2.742479,-3.053219,273.4
578,11.170717,9.286249,1.547708,0.395083,0.283133,48.455386,0.01268,-1.39874,-1.179142,-1.81721,3.43105,2.574085,3.507139,273.2
579,21.339372,9.770136,1.628356,0.754726,0.456982,48.8986,-0.210842,-2.37959,-3.334973,-3.743613,6.959892,-4.989486,6.820519,260.0
580,12.796097,9.182305,1.530384,0.452569,0.337216,49.038718,-0.019456,-2.729387,-1.302014,-1.635565,3.344801,-3.293062,-3.191354,262.5
581,8.737346,8.935211,1.489202,0.30902,0.253769,49.165129,0.098461,-2.370335,-1.432614,-0.703357,-1.89099,1.97651,1.957846,246.1
582,9.407466,9.65825,1.609708,0.332721,0.209106,48.665508,0.140444,-1.969044,-2.653952,-1.552274,-4.432015,2.552556,-3.661328,261.7
583,18.300291,9.977334,1.662889,0.64724,0.366667,48.817887,-0.127845,-2.136142,-2.023589,-3.16401,-5.737257,-4.286186,6.483992,269.5
584,16.254285,9.214011,1.535669,0.574878,0.42324,48.92427,-0.105195,-2.020649,-1.978433,-1.79206,3.735984,2.866504,3.988966,264.1
585,14.028132,9.850247,1.641708,0.496144,0.292675,48.407554,-0.018958,-0.843237,-2.024941,-1.44258,-3.610696,-1.873087,-3.207813,272.1
586,6.878847,9.506858,1.584476,0.243289,0.161059,48.983513,0.253735,-1.009705,-2.246294,-1.026848,3.059406,-2.277292,-2.701627,265.7
587,17.635086,10.017381,1.669564,0.623714,0.348942,47.912951,-0.150989,-2.569119,-1.850096,-1.425543,5.250414,-2.742451,3.063325,272.3
588,22.561697,9.447371,1.574562,0.797957,0.539435,48.910533,-0.219808,-2.425925,-2.952406,-2.546832,5.567922,4.569389,-5.353644,256.9
589,19.313577,9.159278,1.526546,0.683078,0.51346,48.651698,-0.16305,-2.911895,-2.25554,-2.198083,-4.491393,-4.00643,4.708375,278.2
590,9.546995,8.734143,1.45569,0.337656,0.301738,48.374665,0.043346,-1.964768,-1.475309,-0.718179,-1.900212,-1.756507,-2.059097,260.5
591,9.023334,9.257732,1.542955,0.319135,0.231138,48.466698,0.099399,-0.910682,-1.46833,-0.880449,2.648798,-2.581653,2.069399,250.0
592,16.165239,9.839627,1.639938,0.571728,0.338422,48.573487,-0.052319,-2.186405,-1.737824,-1.677774,-3.408349,-2.785867,-3.885213,252.3
593,10.798981,8.636042,1.43934,0.381936,0.356383,48.366256,0.044664,-2.435797,-0.919889,-1.647301,3.31474,-3.882649,-2.971493,267.25433349609375
594,20.363403,10.237276,1.706213,0.720208,0.376843,48.154094,-0.168373,-1.94422,-2.446387,-2.429667,5.955683,-3.446929,-4.865719,259.27520751953125
595,14.675418,9.348686,1.558114,0.519037,0.363542,48.536338,-0.044432,-2.410389,-3.912265,-1.937345,-4.999405,-3.295227,5.017783,260.0946350097656
596,17.787782,10.226728,1.704455,0.629114,0.330215,48.322727,-0.114655,-2.016998,-2.782191,-2.583992,5.274653,4.084531,-5.814904,265.021484375
